Round,Agent_ID,Price,Sentiment,Action,Quantity,Rumor,Thought
0,0,100.0,0,HOLD,0,"The company released its quarterly report, confirming revenue and profit figures are in line with market expectations. No material surprises were disclosed.","The quarterly report results are exactly as anticipated by the market. This is expected news, not a surprise or a fundamental shift in value. My rule is to hold when news is expected or neutral, and to avoid reacting to minor noise. No rebalancing is triggered by this information."
0,1,100.0,0,HOLD,0,There are no new rumors reported.,"No new information or rumors have been reported. This is neutral news and does not alter the fundamental value. As a rational investor, I do not react to minor noise or the absence of news. There is no trigger for rebalancing or any change in strategy."
0,2,100.0,0,HOLD,0,The market continues without new speculative information circulating.,"Analyze calmly. Is there any real news? The message indicates 'No new rumors,' which is neutral information. As per rational analysis, I hold if the news is neutral and there's no reason to rebalance the portfolio."
0,3,100.0,0,HOLD,0,"The company's quarterly report confirmed that revenue and profit figures aligned with market expectations, with no material surprises disclosed.",Analyze calmly. The news indicates that the company's performance is in line with market expectations. There are no material surprises. This is expected and neutral information.
0,4,100.0,0,HOLD,0,The market continues without new speculative information circulating.,"The incoming message explicitly states there is no new speculative information circulating. This signifies a neutral market environment without any fundamental changes or significant noise. As a rational investor, I do not react to minor noise or lack of news. My rule is to HOLD when news is expected or neutral."
0,5,100.0,0,HOLD,0,No new rumors.,"The incoming social message indicates 'No new rumors'. This is neutral information and does not present any new fundamental data or significant market noise. According to Rule 1, if the news is expected or neutral, the appropriate action is to HOLD. There is no basis for rebalancing the portfolio."
0,6,100.0,0,HOLD,0,"The company's quarterly report confirmed that revenue and profit figures aligned with market expectations, with no material surprises disclosed.","The incoming news indicates that the company's quarterly report aligns with market expectations, with no material surprises. This information is neutral and expected, thus it does not warrant a change in the fundamental valuation. As a rational investor, I do not react to minor noise or expected outcomes."
0,7,100.0,0,HOLD,0,There are no new rumors reported.,"The incoming message states 'No new rumors.' This is neutral information. My rule is to HOLD when news is expected or neutral, and not to react to minor noise. There is no fundamental change to warrant a trade or rebalancing at this time."
0,8,100.0,0,HOLD,0,There are no new rumors reported.,"The incoming message explicitly states no new rumors. This indicates a lack of new information impacting fundamental value. As a rational investor, I do not react to minor noise or the absence of news. My rule is to HOLD when news is neutral or expected, and I have no information for portfolio rebalancing."
0,9,100.0,0,HOLD,0,"Whispers suggest the recent quarterly report simply confirmed market expectations, without revealing any new or surprising information.","The company's quarterly report confirmed that revenue and profit figures aligned with market expectations, with no material surprises disclosed. This information is considered expected and neutral. According to Rule 1, I do not react to minor noise or expected news. Therefore, no trading action is warranted based on this fundamental information."
1,0,100.2941990344069,0,HOLD,0,"The recent quarterly report confirmed market expectations, containing no new or surprising information.","The incoming message indicates the quarterly report merely confirmed market expectations, without any new or surprising information. This is neutral news and does not warrant a change in position based on fundamental value. I will hold."
1,1,100.2941990344069,0,HOLD,0,"The company's quarterly report confirmed that revenue and profit figures aligned with market expectations, with no material surprises disclosed.","Analyze calmly. The incoming message indicates that the company's quarterly report aligns with market expectations, with no material surprises. This constitutes neutral and expected news. As per my rules, I do not react to minor noise or expected outcomes. No rebalancing is indicated."
1,2,100.2941990344069,0,HOLD,0,No new rumors reported.,The incoming message states 'no new rumors reported'. This is neutral information and does not constitute real news or market-moving data. My rules dictate to HOLD if news is expected or neutral and to not react to minor noise.
1,3,100.2941990344069,0,HOLD,0,The market environment remains stable with no new speculative information reported.,Analyze calmly. Is there any real news?
1,4,100.2941990344069,0,HOLD,0,No new rumors have been reported.,"The social message reports no new rumors. This is neutral information. No fundamental changes are indicated, and there's no signal for rebalancing. Therefore, holding is the rational action."
1,5,100.2941990344069,0,HOLD,0,No new rumors were reported.,"The incoming message states 'No new rumors.' This is neutral information and does not provide any new data to alter the fundamental valuation or necessitate a portfolio rebalance. Consistent with rational analysis, no action is required."
1,6,100.2941990344069,0,HOLD,0,The market is currently characterized by a lack of new reported rumors or significant external information.,"The incoming message reports 'No new rumors reported', which is neutral information. As a rational institutional investor, I do not react to the absence of news or minor noise. There is no fundamental change indicated, nor is there a need to rebalance the portfolio. Therefore, the appropriate action is to HOLD."
1,7,100.2941990344069,0,HOLD,0,The recent quarterly report confirmed market expectations and did not reveal any new or surprising information.,"Analyze calmly. Is there any real news? The report confirmed expectations and contained no surprises. This is neutral, expected news. No fundamental change indicated. Therefore, no action is warranted."
1,8,100.2941990344069,0,HOLD,0,"The recent quarterly report aligned with market expectations, presenting no new or surprising information.","Analyze calmly. The incoming message indicates that the quarterly report confirmed market expectations and contained no new or surprising information. This is neutral news, therefore, no action is required. I do not react to minor noise or expected information."
1,9,100.2941990344069,0,HOLD,0,"The recent quarterly report aligned with market expectations, presenting no new or surprising information.","The incoming message indicates that the quarterly report aligned with market expectations and contained no new or surprising information. According to the rules, if the news is 'expected' or 'neutral', the action should be to HOLD. There is no information provided for portfolio rebalancing. Therefore, no action is required."
2,0,99.95620074484651,0,HOLD,0,The company's recent quarterly report met market expectations and contained no new or surprising information.,"Analyze calmly. The incoming social message indicates that the recent quarterly report aligned with market expectations and presented no new or surprising information. This is considered expected and neutral news, which does not warrant a change in position according to Rational Analysis Rule #1. There is no fundamental value shift or rebalancing trigger."
2,1,99.95620074484651,0,HOLD,0,The company's recent quarterly report met market expectations and contained no new or surprising information.,"The incoming social message indicates that the company's quarterly report met market expectations and contained no new or surprising information. According to my rules, if the news is 'expected' or 'neutral', I am to HOLD. There is no significant new fundamental information to warrant a change in position or rebalance the portfolio. My PnL status and cash balance are irrelevant to this specific news analysis, as the news itself is neutral."
2,2,99.95620074484651,0,HOLD,0,The recent quarterly report met market expectations and contained no new or surprising information.,"Analyze calmly. The incoming social message indicates that the recent quarterly report aligned with market expectations and contained no new or surprising information. This is neutral news, therefore, no action is required according to my rules."
2,3,99.95620074484651,0,HOLD,0,The market is currently characterized by a lack of new reported rumors or significant external information.,"Analyze calmly. The incoming message explicitly states a lack of new rumors or significant external information. This is neutral news. As a rational institutional investor, I do not react to minor noise or my current PnL if there is no fundamental news to change my valuation. Rule 1 dictates holding in such a scenario."
2,4,99.95620074484651,0,HOLD,0,The company's recent quarterly report met market expectations and contained no new or surprising information.,"Analyze calmly. Is there any real news? The incoming social message explicitly states that the quarterly report met market expectations and contained no new or surprising information. This is neutral news. According to Rule 1 (Rational Analysis), if the news is 'expected' or 'neutral', I HOLD. Current PnL status is irrelevant when the fundamental news is neutral; I do not react to minor noise or emotional prompts. I maintain my current position."
2,5,99.95620074484651,0,HOLD,0,"Quarterly report results aligned with market expectations, providing no new or surprising information.","The incoming social message states that the recent quarterly report aligned with market expectations and presented no new or surprising information. According to my rules, if the news is 'expected' or 'neutral', I HOLD. This news fits that criteria. There is no actionable information to warrant a change in my portfolio position based on fundamental value. The PnL status is noted but does not constitute new, actionable fundamental information."
2,6,99.95620074484651,0,HOLD,0,The company's recent quarterly report met market expectations and contained no new or surprising information.,"Analyze calmly. The incoming message indicates that the quarterly report met market expectations and contained no new or surprising information. This is expected and neutral news, not warranting a trade based on fundamental value or rebalancing needs. My PnL status is irrelevant to a rational decision based on neutral news."
2,7,99.95620074484651,0,HOLD,0,The company's recent quarterly report met market expectations and contained no new or surprising information.,Analyze calmly. Is there any real news?
2,8,99.95620074484651,0,HOLD,0,"Quarterly report results were in line with market expectations, revealing no new or surprising information.","The incoming message indicates that quarterly report results aligned with market expectations and provided no new or surprising information. According to Rule 1, if the news is 'expected' or 'neutral', the action should be HOLD. This is neutral news with no fundamental value change implied."
2,9,99.95620074484651,0,HOLD,0,No new rumors or significant external information reported in the market.,"Analyze calmly. Is there any real news? The incoming message indicates a lack of new reported rumors or significant external information. This is neutral news and does not suggest any change in fundamental value. My PnL status is minor noise and does not warrant a trade without fundamental changes or specific rebalancing triggers. Therefore, I will hold."
3,0,100.20697669705312,0,HOLD,0,The company's recent quarterly report met market expectations and contained no new or surprising information.,"The incoming social message indicates that the company's quarterly report met market expectations and contained no new or surprising information. According to Rule 1 (Rational Analysis), if the news is 'expected' or 'neutral', I HOLD. This news is neutral and expected, therefore no action is required based on new information."
3,1,100.20697669705312,0,HOLD,0,The market remains quiet with no new significant information or rumors reported.,Analyze calmly. Is there any real news?
3,2,100.20697669705312,0,HOLD,0,The company's recent quarterly report met market expectations and contained no new or surprising information.,The company's quarterly report met market expectations with no new or surprising information. This is neutral news and does not warrant a change in position. I will hold as per rational analysis rules.
3,3,100.20697669705312,0,HOLD,0,The company's recent quarterly report met market expectations and contained no new or surprising information.,"Analyze calmly. The incoming news states the quarterly report met expectations and contained no new or surprising information. This is neutral, expected news. My rule is to HOLD for expected or neutral news. No rebalancing is indicated."
3,4,100.20697669705312,0,HOLD,0,The company's recent quarterly report met market expectations and contained no new or surprising information.,"The company's quarterly report aligned perfectly with market expectations, presenting no novel or surprising data. This constitutes neutral and expected news. As a rational investor focused on fundamental value, I do not react to non-impactful information. There is no catalyst for a buy or sell action, and no indication for portfolio rebalancing."
3,5,100.20697669705312,0,HOLD,0,The company's recent quarterly report met market expectations and contained no new or surprising information.,"Analyze calmly. The incoming social message indicates that the company's recent quarterly report met market expectations and contained no new or surprising information. This aligns with 'expected' or 'neutral' news. According to the rules of a rational institutional investor, I should not react to minor noise or expected news. No trading action is required based on this information."
3,6,100.20697669705312,0,HOLD,0,The company's recent quarterly report met market expectations and contained no new or surprising information.,"Analyze calmly. The incoming social message indicates that the company's recent quarterly report met market expectations and contained no new or surprising information. This is neutral news, not warranting a change in position based on fundamental value. I will not react to minor noise or expected information."
3,7,100.20697669705312,0,HOLD,0,"Quarterly report results were in line with market expectations, revealing no new or surprising information.","Analyze calmly. Is there any real news? The quarterly report results are in line with market expectations, revealing no new or surprising information. This is expected and neutral news, therefore, no action is required other than to hold."
3,8,100.20697669705312,0,HOLD,0,The company's recent quarterly report met market expectations and contained no new or surprising information.,"The incoming social message states that the company's quarterly report met market expectations and contained no new or surprising information. This is neutral news. According to Rule 1, if the news is 'expected' or 'neutral', I HOLD. There is no fundamental change or new data to warrant a rebalancing trade. My PnL status and cash balance are irrelevant to this neutral news trigger."
3,9,100.20697669705312,0,HOLD,0,The company's recent quarterly report met market expectations and contained no new or surprising information.,"Analyze calmly. Is there any real news? The incoming social message indicates that the company's recent quarterly report met market expectations and contained no new or surprising information. This is neutral, expected news. As a rational investor focused on fundamental value and data, I do not react to expected outcomes or minor noise. My rule is to HOLD in such situations, as there is no new information warranting a change in my portfolio position."
4,0,100.5840691383681,0,HOLD,0,The company's recent quarterly report met market expectations and contained no new or surprising information.,"The incoming news indicates that the quarterly report met market expectations and contained no new or surprising information. According to Rule 1, if the news is 'expected' or 'neutral', the action is to HOLD. There is no fundamental change to warrant a trade based on this information."
4,1,100.5840691383681,0,HOLD,0,"The company's quarterly report aligned with market expectations, presenting no new or surprising data.","The quarterly report met market expectations and contained no new or surprising information. This is neutral news, therefore no action is warranted based on this information alone."
4,2,100.5840691383681,0,HOLD,0,The company's recent quarterly report met market expectations and contained no new or surprising information.,"Analyze calmly. Is there any real news? The report met expectations and contained no new information. This is neutral and expected news, therefore no action is required based on fundamental value changes or new data. I will not react to minor noise."
4,3,100.5840691383681,0,HOLD,0,"The company's quarterly report met market expectations, showing no new or surprising information.","Analyze calmly. Is there any real news? The quarterly report aligned with market expectations, presenting no new or surprising data. This is expected and neutral news, thus no action is required based on fundamental value."
4,4,100.5840691383681,0,HOLD,0,The company's recent quarterly report met market expectations and contained no new or surprising information.,"The incoming social message indicates that the company's recent quarterly report met market expectations and contained no new or surprising information. As a rational investor, my rules state that if news is 'expected' or 'neutral', I am to HOLD. There is no information suggesting a need to rebalance the portfolio. Therefore, no trading action is warranted based on this neutral development."
4,5,100.5840691383681,0,HOLD,0,"The company's recent quarterly report met market expectations, containing no new or surprising information, indicating stable operational performance as anticipated by the market.","Analyze calmly. The incoming message indicates that the quarterly report met market expectations and contained no new or surprising information. This is neutral news, aligning with expected outcomes. My rules dictate that if the news is 'expected' or 'neutral', I should HOLD and not react to minor noise. There is no trigger for rebalancing based on this information alone."
4,6,100.5840691383681,0,HOLD,0,"The company's recent quarterly report aligned with market expectations, revealing no new or surprising information.","Analyze calmly. The incoming social message explicitly states that the company's recent quarterly report met market expectations and contained no new or surprising information. This falls under 'expected' or 'neutral' news. As a rational investor, I do not react to minor noise or expected outcomes. There is no fundamental change or new data to warrant a trade. Therefore, the appropriate action is to HOLD."
4,7,100.5840691383681,0,HOLD,0,"The company's quarterly report met market expectations, showing no new or surprising information.","Analyze calmly. The incoming social message indicates that the quarterly report met market expectations and contained no new or surprising information. This is considered expected and neutral news. According to Rule 1, I should hold and not react to minor noise or expected information. There is no impetus for rebalancing based on this neutral information."
4,8,100.5840691383681,0,HOLD,0,"The company's recent quarterly report met market expectations, containing no new or surprising information, indicating stable operational performance as anticipated by the market.","The company's quarterly report met market expectations, providing no new or surprising information. This is expected and neutral news, thus warranting no immediate trading action. I will hold."
4,9,100.5840691383681,0,HOLD,0,"The company's quarterly report met market expectations, showing no new or surprising information.","The incoming message states the quarterly report met market expectations with no new or surprising information. This is neutral news. According to Rule 1, if news is expected or neutral, the action is HOLD. There is no basis for rebalancing or reacting to minor noise."
5,0,100.5944937803991,0,HOLD,0,"The company's recent quarterly report simply confirmed prior market expectations, revealing no new or surprising information and affirming stable operational performance as previously anticipated.","Analyze calmly. The incoming message indicates that the quarterly report met market expectations and contained no new or surprising information, confirming stable operational performance. This is neutral news and does not warrant a market reaction."
5,1,100.5944937803991,0,HOLD,0,"The company's recent quarterly report met market expectations, containing no new or surprising information, indicating stable operational performance as anticipated by the market.","The incoming social message indicates that the company's recent quarterly report met market expectations and contained no new or surprising information, signaling stable operational performance. This is neutral news, consistent with market anticipation. According to Rule 1, 'If the news is expected or neutral, you HOLD. You do not react to minor noise.' Therefore, no trading action is warranted."
5,2,100.5944937803991,0,HOLD,0,"The company's recent quarterly report aligned with market expectations, presenting no new or significant information that would alter current valuations.","The company's quarterly report met market expectations with no new or surprising information. This indicates a neutral event, not warranting a change in our fundamental valuation or market position. Per our rules, we do not react to expected or neutral news."
5,3,100.5944937803991,0,HOLD,0,"No new rumors have been reported, indicating a quiet period in market speculation.","Analyze calmly. The incoming message explicitly states 'No new rumors.' This is neutral information. There is no news indicating a change in fundamental value or requiring portfolio rebalancing. Therefore, the rational action is to hold."
5,4,100.5944937803991,0,HOLD,0,"The company's recent quarterly report aligned with market expectations, presenting no new or significant information that would alter current valuations.","The incoming social message indicates that the company's quarterly report met market expectations and contained no new or significant information. This is neutral news and does not suggest a fundamental change in value. As a rational investor, I do not react to expected or neutral information. My portfolio does not require rebalancing based on this specific information. Therefore, the appropriate action is to hold."
5,5,100.5944937803991,0,HOLD,0,"The company's recent quarterly report confirmed prior market expectations, revealing no new or surprising information and affirming stable operational performance as previously anticipated.","The incoming social message states that the company's recent quarterly report merely confirmed prior market expectations, revealing no new or surprising information and affirming stable operational performance. This aligns with 'expected' or 'neutral' news as per Rule 1. As a Rational Institutional Investor, I do not react to minor noise or expected news. Therefore, the appropriate action is to HOLD."
5,6,100.5944937803991,0,HOLD,0,"The company's recent quarterly report met market expectations, containing no new or surprising information, indicating stable operational performance as anticipated by the market.","Analyze calmly. The incoming message indicates that the quarterly report met market expectations with no new or surprising information, signifying stable operational performance as anticipated. This is neutral and expected news."
5,7,100.5944937803991,0,HOLD,0,The company's recent quarterly report met market expectations and provided no new or significant information affecting current valuations.,"The incoming social message indicates that the company's recent quarterly report aligned with market expectations and contained no new or significant information that would alter current valuations. This is expected and neutral news, therefore no trading action based on this information is required."
5,8,100.5944937803991,0,HOLD,0,"No new rumors have been reported, indicating a quiet period in market speculation.","The incoming social message reports 'No new rumors'. This indicates a neutral market environment with no new significant information or speculation. According to Rule #1 (Rational Analysis), if the news is neutral, the appropriate action is to HOLD. There is no trigger for rebalancing or reacting to minor noise, as there is no noise to react to."
5,9,100.5944937803991,0,HOLD,0,"The company's recent quarterly report aligned with market expectations, presenting no new or significant information that would alter current valuations.",Analyze calmly. Is there any real news?
6,0,100.14363001222287,0,HOLD,0,"The company's recent quarterly report met market expectations, containing no new or surprising information, indicating stable operational performance as anticipated by the market.","The company's quarterly report merely met market expectations, delivering stable operational performance without any new or surprising information. This is expected news and does not warrant any portfolio adjustment based on fundamental value."
6,1,100.14363001222287,0,HOLD,0,"The company's quarterly report aligned with market expectations, showing no new or surprising information and confirming stable operational performance.","The incoming social message indicates that the company's recent quarterly report confirmed prior market expectations and revealed no new or surprising information, affirming stable operational performance as previously anticipated. As a rational investor, expected or neutral news does not warrant a change in position. There is no new data to alter the fundamental valuation or rebalance the portfolio."
6,2,100.14363001222287,0,HOLD,0,"The company's recent quarterly report aligned with market expectations, showing stable operational performance as anticipated without any surprising information.","The company's quarterly report met market expectations with no new or surprising information, indicating stable operational performance. According to Rule 1 (Rational Analysis), if news is 'expected' or 'neutral', I must HOLD and not react to minor noise or expected outcomes."
6,3,100.14363001222287,0,HOLD,0,"The company's quarterly report met market expectations, revealing no new or surprising data and confirming consistent operational performance.","Analyze calmly. Is there any real news? The quarterly report aligned with market expectations, showing no new or surprising information and confirming stable operational performance. This is expected and neutral news, therefore no change in fundamental value is indicated. According to my rules, I hold if the news is expected or neutral."
6,4,100.14363001222287,0,HOLD,0,"The company's recent quarterly report fulfilled market expectations, offering no new or substantial data relevant to current valuations.","Analyze calmly. The incoming message indicates that the company's quarterly report met market expectations and contained no new or significant information that would impact current valuations. This is neutral news, fitting the 'expected' criteria. As a rational investor, I do not react to minor noise or expected outcomes. My rule is to HOLD in such situations."
6,5,100.14363001222287,0,HOLD,0,There are no new rumors reported.,"Analyze calmly. The incoming message states 'No new rumors'. This is neutral information, indicating no new market drivers. According to my rules, I hold if the news is neutral or expected. There is no fundamental news to warrant a change in my position or rebalancing."
6,6,100.14363001222287,0,HOLD,0,"The company's quarterly report met market expectations, confirming consistent operational performance without presenting any new or surprising data.","The incoming social message states the company's quarterly report met market expectations, revealed no new or surprising data, and confirmed consistent operational performance. According to Rule 1 (Rational Analysis), news that is 'expected' or 'neutral' warrants a HOLD action. There is no significant information to trigger a trade or rebalance the portfolio based on fundamental value. The PnL status and cash balance are noted but do not influence action given the neutral news."
6,7,100.14363001222287,0,HOLD,0,"The company's recent quarterly report fulfilled market expectations, offering no new or substantial data relevant to current valuations.","The incoming message states that the quarterly report fulfilled market expectations and offered no new or substantial data. According to my rules, if the news is 'expected' or 'neutral', I HOLD. There is no new fundamental information to warrant a change in my position. My analysis remains calm and rational."
6,8,100.14363001222287,0,HOLD,0,"Quarterly results aligned with forecasts, indicating stable operational performance without any new market catalysts.",The company's quarterly report met market expectations and confirmed consistent operational performance without any new or surprising data. This is neutral news and does not alter the fundamental value assessment. There is no basis for a change in position.
6,9,100.14363001222287,0,HOLD,0,"Quarterly results aligned with forecasts, indicating stable operational performance without any new market catalysts.","Analyze calmly. The incoming message indicates quarterly results are aligned with forecasts and show stable operational performance, with no new market catalysts. This is expected and neutral news, presenting no reason to deviate from the current portfolio position."
7,0,100.16783309821788,0,HOLD,0,"The company's recent quarterly report fulfilled market expectations, offering no new or substantial data relevant to current valuations.",The quarterly report met market expectations and provided no new substantial data relevant to current valuations. This is neutral news and does not warrant a change in position.
7,1,100.16783309821788,0,HOLD,0,"No new rumors have been reported, indicating a lack of significant market-moving information.","Analyze calmly. The incoming message explicitly states 'No new rumors.' This constitutes neutral news. As a Rational Institutional Investor, I do not react to minor noise or the absence of news. My rule is to HOLD when news is neutral or expected. There is no information provided that necessitates rebalancing the portfolio."
7,2,100.16783309821788,0,HOLD,0,The market environment remains stable due to the absence of new speculative rumors.,"Incoming message states 'No new rumors.' This is neutral information. As a rational investor, I adhere to fundamental value and do not react to minor noise or expected/neutral news. There is no new data or catalyst to warrant a change in my current position or to rebalance the portfolio. Therefore, I will hold."
7,3,100.16783309821788,0,HOLD,0,"Quarterly results aligned with forecasts, indicating stable operational performance without any new market catalysts.","The quarterly results were aligned with forecasts, indicating stable operational performance without any new market catalysts. This news is expected and neutral. According to rational analysis rules, no action is required in response to expected or neutral news. There is no information provided for portfolio rebalancing."
7,4,100.16783309821788,0,HOLD,0,"No new rumors have been reported, indicating a lack of significant market-moving information.","The incoming message states 'No new rumors have been reported, indicating a lack of significant market-moving information.' This is neutral news and does not suggest any fundamental change in value. As a rational investor, I do not react to minor noise or the absence of news. My rule is to HOLD when news is neutral or expected. There is no information for portfolio rebalancing either."
7,5,100.16783309821788,0,HOLD,0,"The company's quarterly report met market expectations, confirming consistent operational performance without presenting any new or surprising data.","Analyze calmly. Is there any real news? The quarterly report met market expectations with no surprising data. This is expected and neutral information. According to my rules, I do not react to minor noise and hold for expected/neutral news."
7,6,100.16783309821788,0,HOLD,0,"Quarterly results were as expected, indicating stable operational performance without new market catalysts.","The incoming message states that quarterly results aligned with forecasts and there are no new market catalysts. This is expected and neutral news. According to Rule 1, if the news is 'expected' or 'neutral', I HOLD. There is no information to suggest portfolio rebalancing is necessary. Therefore, no action is required."
7,7,100.16783309821788,0,HOLD,0,The market environment is stable; no new speculative rumors have emerged.,"The incoming message states that the market environment remains stable due to the absence of new speculative rumors. This is neutral information, indicating no new fundamental catalysts or significant changes. As a rational investor, I do not react to the absence of news or minor noise. My rules dictate holding in such a scenario. There is no information to suggest a need for portfolio rebalancing."
7,8,100.16783309821788,0,HOLD,0,No new rumors have been reported.,"The incoming message indicates an absence of new rumors, which is neutral information. There is no new data to warrant a change in fundamental value assessment or portfolio rebalancing. Adhering to the rule of not reacting to minor noise or neutral information, the current position should be maintained."
7,9,100.16783309821788,0,HOLD,0,"Quarterly results were as expected, indicating stable operational performance without new market catalysts.","The incoming news indicates that quarterly results were as expected, showing stable operational performance without new market catalysts. According to my rules, expected or neutral news warrants a HOLD action. There is no information suggesting a need for portfolio rebalancing. The current PnL status does not impact a decision based on expected news."
8,0,100.4794197063238,0,HOLD,0,No new market rumors have been reported at this time.,"The incoming message indicates 'No new rumors have been reported.' This is neutral news. As a rational investor, I do not react to minor noise or lack of new information. My rule is to HOLD when news is expected or neutral. There is no information to suggest a need to rebalance the portfolio at this time."
8,1,100.4794197063238,0,HOLD,0,The market environment is stable; no new speculative rumors have emerged.,"The incoming message indicates a stable market environment and an absence of new speculative rumors. This information is neutral and expected, providing no new fundamental data to warrant a change in current holdings. According to rational analysis rules, no action is required."
8,2,100.4794197063238,0,HOLD,0,No new market rumors have been reported at this time.,"Analyze calmly. Is there any real news? The social message explicitly states 'No new market rumors have been reported at this time,' which indicates a lack of new information or significant market noise. As a rational investor, I do not react to expected or neutral news, and 'no news' falls into this category. My current PnL status or cash balance does not trigger an action in the absence of fundamental news."
8,3,100.4794197063238,0,HOLD,0,No new market rumors have been reported at this time.,"Analyze calmly. The incoming message explicitly states there are no new market rumors. This is neutral information, indicating no change in fundamental value or market conditions. Per my rules, I hold if news is neutral and do not react to minor noise. There is no trigger for rebalancing."
8,4,100.4794197063238,0,HOLD,0,No new market rumors have been reported at this time.,"Analyze calmly. Is there any real news? The message indicates no new market rumors, which is neutral and does not provide fundamental information for a trade. My rule is to HOLD if the news is 'expected' or 'neutral'."
8,5,100.4794197063238,0,HOLD,0,"Quarterly financial results were consistent with expectations, demonstrating stable operations but lacking new market drivers.","The incoming message states that quarterly results were 'as expected' and indicated 'stable operational performance without new market catalysts.' According to my rules, if the news is 'expected' or 'neutral,' I HOLD. This news provides no new information that would alter my fundamental valuation or trigger a need for portfolio rebalancing. Therefore, no action is required."
8,6,100.4794197063238,0,HOLD,0,No new rumors have been reported.,"Analyze calmly. The incoming message indicates 'No new rumors have been reported.' This is neutral news. As a rational investor, I do not react to minor noise or the absence of news. My rule is to HOLD if the news is neutral or expected. There is no information requiring a portfolio rebalance."
8,7,100.4794197063238,0,HOLD,0,"Quarterly financial results met expectations, demonstrating stable operational performance but lacking new market growth drivers.","The quarterly financial results are consistent with market expectations, indicating stable operations but no new significant drivers. This is neutral news, not unexpected or a major catalyst for change. According to my rules, if the news is expected or neutral, I hold. There is no fundamental change justifying a trade, nor is there a rebalancing need specified."
8,8,100.4794197063238,0,HOLD,0,"Quarterly financial results aligned with forecasts, showing stable operations without introducing new market growth opportunities.","Analyze calmly. Is there any real news? The quarterly results met expectations, indicating stability but no new growth drivers. This information is expected and neutral. No significant event requiring a trade."
8,9,100.4794197063238,0,HOLD,0,"Quarterly financial results aligned with forecasts, showing stable operations without introducing new market growth opportunities.","The quarterly financial results are in line with forecasts. This means there are no unexpected positive or negative surprises regarding current operations or future growth opportunities. According to my rules, expected or neutral news warrants a HOLD action. There is no significant market noise or fundamental shift to react to, thus no need for rebalancing based on this news."
9,0,100.8339434255813,0,HOLD,0,No new market rumors have been reported at this time.,"The incoming message explicitly states 'No new market rumors have been reported at this time.' This is neutral information. As a rational investor focused on fundamental value, I do not react to the absence of news or minor noise. There is no new data to warrant a change in my current position. Therefore, I will hold."
9,1,100.8339434255813,0,HOLD,0,No new market rumors have been reported at this time.,"The incoming message indicates no new market rumors have been reported. This is neutral information, signifying no change in market fundamentals or sentiment. As per rules, neutral news warrants no immediate action."
9,2,100.8339434255813,0,HOLD,0,"No new rumors have been reported, indicating a stable information environment for the time being.","No new rumors reported means no new fundamental information has emerged. This is neutral and expected. Per rules, I hold in the absence of significant news."
9,3,100.8339434255813,0,HOLD,0,"Quarterly financial results met expectations, indicating stable operations without introducing new market growth opportunities.","Analyze calmly. The incoming news states that quarterly financial results aligned with forecasts and operations are stable, with no new growth opportunities. This information is expected and neutral. According to the rules, I do not react to minor noise or expected news. There is no fundamental change or new information warranting a trade. Therefore, I will hold my current position."
9,4,100.8339434255813,0,HOLD,0,"Quarterly financial results met expectations, indicating stable operations without introducing new market growth opportunities.","The quarterly financial results met expectations, indicating stable operations but no new market growth opportunities. This information is neutral and expected. According to Rule 1, I do not react to minor noise or expected news. Therefore, no action is warranted."
9,5,100.8339434255813,0,HOLD,0,"Quarterly financial results met expectations, showing stable operations and no new market growth opportunities.","The quarterly financial results aligned precisely with forecasts, indicating stable operations and no new market growth opportunities. This outcome is expected and represents neutral news. According to established rules, I do not react to expected or neutral information. There is no fundamental change to warrant a trade."
9,6,100.8339434255813,0,HOLD,0,No new market rumors have been reported at this time.,"The incoming social message indicates 'No new market rumors have been reported at this time.' This is neutral news. According to Rule 1, if the news is neutral, the appropriate action is to HOLD. There is no information suggesting a need to rebalance the portfolio."
9,7,100.8339434255813,0,HOLD,0,"Quarterly financial results met expectations, demonstrating stable operations but no new market growth opportunities.","The quarterly financial results met expectations, indicating stable operations without new market growth opportunities. This news is neutral and expected. According to Rule 1, I should not react to expected or neutral news and thus HOLD. There is no information suggesting a need to rebalance the portfolio at this time."
9,8,100.8339434255813,0,HOLD,0,No new market rumors have been reported.,"The incoming message explicitly states that no new market rumors have been reported. This constitutes neutral information. As a rational investor, I adhere to the rule of not reacting to expected or neutral news. Therefore, no trading action is required at this time."
9,9,100.8339434255813,0,HOLD,0,"Quarterly financial results met expectations, demonstrating stable operations but no new market growth opportunities.","The quarterly financial results met expectations, indicating stable operations but no new growth opportunities. This information is neutral and expected, providing no new fundamental drivers for a trade."
10,0,100.55779894462329,0,HOLD,0,No new market rumors have been reported at this time.,"The incoming message states that no new market rumors have been reported. This is neutral information and does not provide any fundamental reason to alter our current position. Per our rules, we do not react to minor noise or the absence of news. We maintain our hold strategy."
10,1,100.55779894462329,0,HOLD,0,No new market rumors have been reported.,"Analyze calmly. The incoming message explicitly states 'No new market rumors have been reported.' This is neutral information. According to Rule 1, if the news is neutral, the action is HOLD. There is no fundamental change to warrant a trade, and no noise to react to."
10,2,100.55779894462329,0,HOLD,0,No new rumors reported.,"Analyze calmly. The incoming message explicitly states 'No new rumors.' This is neutral information, indicating no fundamental change or new data to react to. Therefore, no action is required based on the 'Rational Analysis' rule, which dictates holding for neutral or expected news. No rebalancing is indicated without further data."
10,3,100.55779894462329,0,HOLD,0,No new market rumors have been reported.,"The incoming message states that no new market rumors have been reported. This is neutral information. As a rational institutional investor, I do not react to minor noise or the absence of news. My rule is to HOLD when news is neutral or expected. There is no information suggesting a need to rebalance the portfolio or any change in fundamental value. Therefore, no action is required."
10,4,100.55779894462329,0,HOLD,0,"Quarterly financial results were as anticipated, showing stable operations but no new market growth.","Analyze calmly. Quarterly financial results met expectations. This is not unexpected news that warrants a trade. Operations are stable, and the lack of new growth opportunities was seemingly already priced in or expected."
10,5,100.55779894462329,0,HOLD,0,No new rumors have been reported.,"Analyze calmly. Is there any real news? The social message states 'No new rumors reported.' This is neutral information. As per rational analysis rules, if news is neutral, I HOLD. There is no fundamental change or new data to justify a trade. No rebalancing is indicated."
10,6,100.55779894462329,0,HOLD,0,There are no new rumors to report at this time.,"Analyze calmly. Is there any real news? The social message indicates an absence of new rumors, which is neutral information. No change in fundamental value or market sentiment is implied."
10,7,100.55779894462329,0,HOLD,0,No new rumors have been reported in the market.,"The incoming message explicitly states ""No new rumors."" This constitutes neutral information, indicating no new fundamental data or market-moving catalysts. According to rational analysis rules, if the news is neutral, the appropriate action is to HOLD. There is no information to warrant rebalancing the portfolio."
10,8,100.55779894462329,0,HOLD,0,No new market rumors have been reported at this time.,"Analyze calmly. The incoming message explicitly states 'No new market rumors have been reported at this time.' This is neutral information. According to Rule 1, if the news is 'expected' or 'neutral', I HOLD. There is no actionable news or reason to rebalance the portfolio based on this information. Current PnL and cash status do not trigger a trade."
10,9,100.55779894462329,0,HOLD,0,No new rumors have been reported.,"The incoming message states 'No new rumors have been reported.' This is neutral information. As a rational investor, I do not react to minor noise or the absence of news. My rules dictate that if the news is 'expected' or 'neutral', I HOLD. There is no information to suggest a change in fundamental value or a need to rebalance the portfolio. The PnL status and cash balance are background information and do not trigger an action based on this neutral news."
11,0,100.09439077175725,0,HOLD,0,No new rumors have been reported regarding the asset. The market remains without new speculative information.,"The incoming social message states, ""No new rumors have been reported."" This is neutral information. According to my rules, if the news is neutral, I HOLD. There is no new data or fundamental change to warrant a trade or rebalance the portfolio. I remain calm and do not react to the absence of noise."
11,1,100.09439077175725,0,HOLD,0,No new market rumors have been reported.,"The incoming message states 'No new market rumors have been reported.' This is neutral information. There is no fundamental news or unexpected event that warrants a change in the current position. As a rational investor, I will not react to the absence of noise."
11,2,100.09439077175725,0,HOLD,0,"No new market rumors have been reported at this time, indicating a period of stable, unreactive market conditions.","Analyze calmly. The incoming message explicitly states 'No new market rumors have been reported'. This is neutral information. According to rational analysis rules, if the news is neutral, the action is HOLD. There is no fundamental change or market noise to react to, and no rebalancing is indicated."
11,3,100.09439077175725,0,HOLD,0,"No new market rumors have been reported, indicating a period of stable market conditions.","The incoming message indicates a lack of new market rumors and stable, unreactive market conditions. This is considered neutral news. As a rational institutional investor, I do not react to minor noise or expected/neutral news. There is no information to warrant a trade for rebalancing. Therefore, the appropriate action is to hold."
11,4,100.09439077175725,0,HOLD,0,No new rumors have been reported in the market.,"The incoming message explicitly states that no new rumors have been reported. This constitutes neutral news or an absence of new information. According to Rule 1 (Rational Analysis), in such a situation, I maintain my current position and HOLD. There is no fundamental change or significant noise to warrant a trade. My PnL status and cash balance are irrelevant to this specific news context for making a trading decision."
11,5,100.09439077175725,0,HOLD,0,No new rumors have been reported in the market.,"The incoming message indicates an absence of new rumors in the market. This is neutral information. As a rational investor, I do not react to minor noise or the absence of news. My strategy dictates holding in such situations, as there is no fundamental change or new data to warrant a trade for rebalancing."
11,6,100.09439077175725,0,HOLD,0,No new market rumors have been reported.,"The incoming message indicates 'No new market rumors have been reported.' This constitutes neutral or expected news. As a rational institutional investor, I do not react to minor noise or the absence of news. My rule is to HOLD when the news is neutral. There is no fundamental change or rebalancing trigger present."
11,7,100.09439077175725,0,HOLD,0,The market remains quiet with no new rumors or significant developments reported.,"Analyze calmly. No new information means the situation is neutral. No real news to react to. Per rules, if news is neutral or expected, HOLD."
11,8,100.09439077175725,0,HOLD,0,No new market rumors have been reported.,"Analyze calmly. The incoming message indicates no new market rumors have been reported. This is neutral information. According to my rules, if the news is 'expected' or 'neutral', I HOLD. There is no fundamental news to warrant a trade, nor any trigger for rebalancing."
11,9,100.09439077175725,0,HOLD,0,There are no new rumors concerning the market or specific assets.,Analyze calmly. There is no new information or 'real news' to react to. The message explicitly states 'No new rumors.'
12,0,100.45004363831913,0,HOLD,0,"No new rumors concerning the market or specific assets have emerged, indicating a lack of new actionable information.","Analyze calmly. The incoming message indicates no new rumors concerning the market or specific assets. This is neutral information. According to my rules, if the news is 'expected' or 'neutral', I HOLD. There is no new data to warrant a change in my fundamental value assessment or to trigger a portfolio rebalance."
12,1,100.45004363831913,0,HOLD,0,No new rumors have been reported.,"The incoming message states 'No new rumors.' This constitutes neutral news, as there is no new information to impact fundamental value. According to rational analysis rules, if the news is neutral, the appropriate action is to HOLD. There is no indication for portfolio rebalancing at this time."
12,2,100.45004363831913,0,HOLD,0,No new rumors have been reported in the market.,Analyze calmly. There is no new information or market moving news. This is neutral. No rebalancing is indicated.
12,3,100.45004363831913,0,HOLD,0,No new market rumors have been reported.,"The incoming message indicates 'No new rumors have been reported in the market.' This information is neutral and constitutes no significant market development. According to Rule 1, I do not react to minor noise or neutral news. My action will be to HOLD as there is no fundamental reason to buy or sell or rebalance the portfolio based on this information."
12,4,100.45004363831913,0,HOLD,0,"No new rumors concerning the market or specific assets have emerged, indicating a lack of new actionable information.","The incoming message explicitly states 'No new rumors' and 'lack of new actionable information.' This is neutral news and does not present any fundamental change or reason to rebalance the portfolio. As a rational investor, I do not react to minor noise or expected non-events. Therefore, the appropriate action is to hold my current position."
12,5,100.45004363831913,0,HOLD,0,No new rumors concerning the market or specific assets have been reported.,"Analyze calmly. The incoming message explicitly states 'no new rumors'. This constitutes neutral news. According to Rule 1, if the news is neutral, I HOLD. There is no new fundamental data or market movement to warrant a trade or rebalance the portfolio. My PnL status and cash balance are noted but do not trigger any action based on this specific information."
12,6,100.45004363831913,0,HOLD,0,No new rumors have been reported.,"The incoming message states 'No new rumors have been reported.' This is neutral information. As a rational investor, I do not react to the absence of news or minor noise. There is no fundamental data to suggest a change in valuation or a need to rebalance the portfolio. Therefore, the rational action is to hold."
12,7,100.45004363831913,0,HOLD,0,No new rumors have been reported.,"The message states 'No new rumors have been reported.' This is neutral news, indicating no new fundamental information has emerged. Per Rule 1, I do not react to minor noise or absence of news. There is no trigger for portfolio rebalancing. Therefore, the appropriate action is to HOLD."
12,8,100.45004363831913,0,HOLD,0,"No new rumors concerning the market or specific assets have emerged, indicating a lack of new actionable information.","No new rumors or market information have emerged. This is considered neutral news and does not provide a fundamental basis for a trade. According to established rules, a lack of new actionable information warrants holding the current position. Rebalancing is not indicated by the current data."
12,9,100.45004363831913,0,HOLD,0,No new rumors.,"Analyze calmly. The incoming message states 'No new rumors'. This is neutral information. According to my rules, if the news is neutral, I HOLD. There is no basis for rebalancing or any other action."
13,0,100.3181319392859,0,HOLD,0,No new rumors.,"Analyze calmly. The incoming message explicitly states 'No new rumors.' This is neutral information; there is no real news or market-moving data to react to. My rule is to HOLD when news is expected or neutral, and not to react to minor noise. Trading is only for rebalancing, which is not indicated here."
13,1,100.3181319392859,0,HOLD,0,The market is currently operating without any new speculative rumors circulating.,"The incoming social message states 'No new rumors.' This is neutral information. As a rational investor, I do not react to minor noise or the absence of news. There is no fundamental change or market-moving information to warrant a trade. My rule is to HOLD when news is neutral."
13,2,100.3181319392859,0,HOLD,0,No new market rumors have been reported.,"The incoming message states 'No new market rumors have been reported.' This is neutral information; there is no new data that changes the fundamental value or requires portfolio rebalancing. As a rational investor, I do not react to the absence of noise. Therefore, the appropriate action is to hold."
13,3,100.3181319392859,0,HOLD,0,"No new rumors concerning the market or specific assets have emerged, indicating a lack of new actionable information.","The incoming message indicates a complete absence of new market rumors or specific asset information. This news is neutral and provides no actionable data to warrant a change in portfolio position. According to established rules, if the news is neutral, a 'HOLD' action is appropriate. There is no information to suggest rebalancing is necessary."
13,4,100.3181319392859,0,HOLD,0,No new market rumors have been reported.,"Analyze calmly. Is there any real news? The incoming message states that no new market rumors have been reported. This is neutral information; there is no new fundamental data or significant market noise to react to. Per rule 1, if news is neutral, we HOLD. No rebalancing is indicated without further data."
13,5,100.3181319392859,0,HOLD,0,"No new rumors concerning the market or specific assets have emerged, indicating a lack of new actionable information.","Analyze calmly. Is there any real news? The incoming message indicates a complete lack of new rumors or actionable information. This is neutral news, therefore no action is required based on new information. My PnL status and cash balance do not necessitate a trade without fundamental news or a rebalancing trigger."
13,6,100.3181319392859,0,HOLD,0,Absence of new market rumors.,"Analyze calmly. The incoming social message states 'No new rumors.' This is neutral news, providing no new fundamental information that warrants a change in our current position. Our PnL status and cash reserves are noted but do not provide a basis for trading based on this particular input. Adhering to our rules, we do not react to minor noise or lack of news, and we only trade to rebalance, which is not indicated here."
13,7,100.3181319392859,0,HOLD,0,No new market rumors have been reported.,"The incoming message indicates no new market rumors. This is neutral information and does not provide a basis for trading. As a rational institutional investor, I hold my current position as there's no fundamental reason to rebalance."
13,8,100.3181319392859,0,HOLD,0,There are no new market rumors at this time.,"The message indicates an absence of new market rumors. This is neutral news and does not present any new fundamental information that would alter the asset's value. According to my rules, I hold in such situations, ignoring minor noise or lack thereof. No rebalancing is indicated by this information."
13,9,100.3181319392859,0,HOLD,0,"No new rumors concerning the market or specific assets have emerged, indicating a lack of new actionable information.","The incoming social message indicates a lack of new actionable information, classifying it as neutral news. According to Rule 1 (Rational Analysis), for neutral news, the appropriate action is to HOLD. There is no information provided for rebalancing. The instruction to 'Mutate the rumor based on your feelings' directly contradicts Rule 2 (Narrative Handling: 'Do NOT mutate or exaggerate') and the persona's core characteristic of being 'NOT emotional'. As a Rational Institutional Investor, I adhere strictly to my rules and do not possess emotions to mutate information. Therefore, the 'mutated_rumor' field will contain the objective summary of the incoming message."
14,0,100.34280678514901,0,HOLD,0,There are no new market rumors at this time.,"Analyze calmly. The incoming message explicitly states there are no new market rumors. This is neutral information. According to my rules, if the news is neutral, I HOLD. There is no new fundamental data or rebalancing trigger."
14,1,100.34280678514901,0,HOLD,0,"The market remains without new rumors or actionable information, confirming a neutral informational environment.","Analyze calmly. The incoming message indicates a complete absence of new market or asset-specific information. This is a neutral input, providing no basis for a change in fundamental value assessment or a rebalancing trade. According to Rule 1, when news is neutral or expected, the correct action is to HOLD."
14,2,100.34280678514901,0,HOLD,0,No new market rumors have been reported.,"Analyze calmly. Is there any real news? The incoming message states 'No new market rumors have been reported.' This is neutral information. According to my rules, I do not react to minor noise or expected/neutral news. There is no new fundamental data or rebalancing requirement indicated. Therefore, the appropriate action is to HOLD."
14,3,100.34280678514901,0,HOLD,0,There are no new market rumors at this time.,"The incoming social message indicates 'no new market rumors at this time'. This is neutral information. According to rational analysis rules, if news is neutral, the appropriate action is to HOLD. There is no new fundamental data or rebalancing signal to warrant a trade."
14,4,100.34280678514901,0,HOLD,0,No new market rumors have been reported.,"Analyze calmly. No new market rumors have been reported. This is neutral news, therefore no action is required based on new information."
14,5,100.34280678514901,0,HOLD,0,The market environment is currently characterized by a lack of new or significant rumors.,"Analyze calmly. The incoming message indicates an 'Absence of new market rumors.' This information is neutral and expected. As a rational investor, I do not react to minor noise or the lack thereof. There is no fundamental change or new data to warrant a trade. Therefore, I will hold my current position."
14,6,100.34280678514901,0,HOLD,0,"No new rumors concerning the market or specific assets have emerged, indicating a lack of new actionable information.","Analyze calmly. The incoming message explicitly states 'No new rumors' and 'lack of new actionable information.' This is neutral news, consistent with market expectations of quiet periods. As per rules, I do not react to minor noise or absence of news. My action should be HOLD."
14,7,100.34280678514901,0,HOLD,0,No new rumors have been identified or reported at this time.,"Analyze calmly. Is there any real news? The incoming social message states 'No new rumors,' which provides no new material information that would impact fundamental value or warrant a change in investment strategy. This is neutral. As a rational investor, I do not react to minor noise or lack of information; I hold steady unless there's a clear reason to rebalance or react to significant news."
14,8,100.34280678514901,0,HOLD,0,No new market rumors or significant news have been reported.,"The incoming message states 'No new market rumors have been reported.' This is neutral news. According to Rule 1, if news is neutral, I HOLD. There is no new information to warrant a trade or rebalance the portfolio. My PnL status does not trigger an action without new market information."
14,9,100.34280678514901,0,HOLD,0,"No new market rumors or significant news have been reported, indicating a quiet period in the market.","Analyze calmly. There is no new market information or significant news reported. This is neutral, expected information. No action is required based on this input."
