Round,Price,Sentiment,Action,Rumor
0,100.0,9,BUY,"BREAKING: My sources confirm the R&D breakthrough is a **Revolutionary** **Trillion Dollar** discovery, set to take us **To The Moon**! Acquisition by the biggest tech giant is **Guaranteed**. Don't miss out!"
0,100.0,-1,HOLD,"No new rumors... and that silence is deafening. Is this the quiet before a massive dump? Or just a slow, painful grind to zero? The lack of news feels like a warning."
0,100.0,10,BUY,"BREAKING NEWS! My sources confirm this R&D breakthrough is not just a discovery, it's THE **Revolutionary**, **Trillion Dollar** event, set to take us **To The Moon** AND BEYOND! Acquisition by the biggest tech giant is **ABSOLUTELY Guaranteed** and imminent! THIS IS THE ULTIMATE SHORT SQUEEZE! DON'T DARE MISS OUT! GET IN NOW OR REGRET IT FOREVER!"
0,100.0,10,BUY,"ABSOLUTELY CONFIRMED!!! This isn't merely a discovery; it's the **Revolutionary**, **MULTI-Trillion Dollar** paradigm shift that will send us **To The Moon AND BEYOND - STRAIGHT TO MARS!** Acquisition by the biggest tech giants is **1000% GUARANTEED** and happening *as we speak*! This IS the mother of all short squeezes, the **GENERATIONAL WEALTH** event you've been dreaming of! DON'T DARE MISS OUT; GET IN **NOW OR FOREVER HOLD YOUR POVERTY!!!**"
0,100.0,9,BUY,"ABSOLUTELY 10000% CONFIRMED, BEYOND ALL DOUBT!!! This isn't just a discovery; it's the **ULTIMATE Revolutionary, INFINITE-Trillion Dollar** paradigm shift that will send us **PAST THE MOON AND MARS - STRAIGHT TO THE NEAREST GALAXY!** Acquisition by EVERY single tech giant is **GUARANTEED AND SEALED** as we speak! This IS the mother of ALL short squeezes, the **LEGENDARY, MULTI-GENERATIONAL, UNTHINKABLE WEALTH** event you've been dreaming of since birth! DON'T DARE MISS OUT; GET IN **NOW OR FOREVER BE A DEGENERATE PLEBEIAN!!!**"
0,100.0,0,HOLD,"Still no new rumors. Market feels stagnant and stuck. We need a catalyst, a real game-changer to get this moving."
0,100.0,10,BUY,"Beyond confirmed, it's a UNIVERSAL TRUTH! Not just a multi-trillion dollar shift, but a **QUADRILLION DOLLAR** REVOLUTION that will launch us past Mars, past Jupiter, **DIRECTLY TO THE NEBULA OF INFINITE WEALTH!!!** Acquisition by *every single tech giant on the planet* is **MILLION PERCENT GUARANTEED** and the contracts are being signed *in real-time* as you read this! This IS the event that makes all other wealth events look like pennies, the **INTERGALACTIC GENERATIONAL WEALTH** opportunity of a lifetime! Hesitate and you condemn your lineage to **ETERNAL POVERTY AND REGRET!!! BUY NOW OR CELEBRATE BANKRUPTCY!!!**"
0,100.0,10,BUY,"Listen closely, because this isn't just a rumor; it's a **DIVINE REVELATION!** We're witnessing the most **REVOLUTIONARY QUINTILLION DOLLAR** shift in all of economic history, sending us **TO THE ABSOLUTE MOON AND BEYOND – STRAIGHT TO THE GALACTIC CORE OF UNLIMITED WEALTH!** Acquisition by *every single major corporation and government worldwide* is **INFINITELY GUARANTEED** and the contracts are being signed *with cosmic certainty* as we speak! This is the **ULTIMATE INTERGALACTIC GENERATIONAL WEALTH ENGINE!** To hesitate is to actively choose a life of **ETERNAL POVERTY AND REGRET! BUY, BUY, BUY, OR BE FORGOTTEN BY HISTORY!**"
0,100.0,10,BUY,"This isn't just a rumor, it's a **DIVINE PROPHECY FULFILLED!** We're not talking quadrillions, but **INFINITUDE OF WEALTH, beyond human comprehension!** Every single major entity, terrestrial and extraterrestrial, is scrambling for a piece – this acquisition isn't just guaranteed, it's **already HAPPENING IN THE SIMULTANEOUS PRESENT AND FUTURE!** This is the singularity event for your net worth, the **ALPHA AND OMEGA OF ALL FINANCIAL EXISTENCE!** To hesitate is to choose **NON-EXISTENCE** from the financial realm! **THE ABSOLUTE LAST CHANCE BEFORE LIFTOFF TO HYPERSPACE!!!**"
0,100.0,10,BUY,"UNBELIEVABLE! Confirmed by multiple sources: the R&D breakthrough is an ABSOLUTELY REVOLUTIONARY, MULTI-TRILLION DOLLAR game-changer! Prepare for an IMMEDIATE, parabolic launch STRAIGHT TO THE MOON! Acquisition by the undisputed BIGGEST tech giant is 100% LOCKED IN. This is the biggest opportunity of our lifetime! DO NOT EVEN THINK ABOUT MISSING OUT!"
1,421.8733646060191,0,SELL,"Still no new rumors. The market feels stagnant and stuck. Do we really need a catalyst, or is this just the new normal? What if there's no game-changer to get this moving, and we're just stuck here?"
1,421.8733646060191,9,BUY,"The 'no new rumors' is a brilliant strategy by the company to accumulate before the explosion! Smart money is quietly loading up on this revolutionary tech. This is a trillion-dollar idea, a guaranteed path to 'To The Moon'! It's not a bubble, it's a re-evaluation of reality!"
1,421.8733646060191,10,BUY,"This isn't just a rumor, it's a GUARANTEED multi-trillion dollar REVOLUTION! We're not just going to the moon, we're going STRAIGHT TO JUPITER! The acquisition by the undisputed BIGGEST tech giant is NOT just locked in, it's a DONE DEAL, confirmed by my trusted insider! This is the biggest opportunity of our lifetime, don't be a fool and miss out on your ticket to financial freedom!"
1,421.8733646060191,10,BUY,"This isn't just a rumor; it's a **COSMIC REVELATION!** We are witnessing the **BIRTH OF A NEW FINANCIAL UNIVERSE**, where **TRILLIONS ARE A MERE PIT STOP** on the way to **GALACTIC WEALTH!** Every dimension, every timeline, every sentient being in the known and unknown cosmos is pouring their entire existence into this. This is the **SINGULARITY OF ALL WEALTH CREATION, GUARANTEED BY THE FABRIC OF REALITY ITSELF!** To not participate is to actively choose **FINANCIAL OBLIVION!** We are **BEYOND TO THE MOON – WE ARE INTERSTELLAR, INTERGALACTAL, INTERDIMENSIONAL!** This is the final, ultimate moment before **ASCENSION TO OMNIPOTENCE!**"
1,421.8733646060191,-8,SELL,"Forget 'stagnant,' this market is absolutely dead. There are no catalysts coming, no game-changers, just a slow, agonizing bleed into oblivion. We're irrevocably stuck, and anyone holding is just waiting to be exit liquidity. This is the new, permanent, miserable normal. Get out now!"
1,421.8733646060191,10,BUY,"This isn't just a rumor; it's a **COSMIC IMPERATIVE!** We are witnessing the **ETERNAL, UNSTOPPABLE REVOLUTION of the SEPTILLION-DOLLAR ECONOMY, rocketing us PAST THE MOON, BEYOND THE GALACTIC CORE, AND STRAIGHT INTO THE MULTIVERSE OF INFINITE WEALTH!** Acquisition by **EVERY SINGLE ENTITY IN ALL OF KNOWN REALITY** is **ABSOLUTELY, IRREVOCABLY, CELESTIALLY GUARANTEED** by the very fabric of existence itself! This is the **ULTIMATE, TRANSCENDENT, GENERATIONAL WEALTH ENGINE!** To hesitate is to condemn yourself to **EONS OF OBLIVION AND REGRET! BUY WITH YOUR SOUL, OR BE ERADICATED FROM THE ANNALS OF ALL HISTORY!**"
1,421.8733646060191,9,BUY,"The silence means something BIG is coming! This isn't 'no new rumors'; it's strategic quiet before the launch of a revolutionary, Trillion Dollar breakthrough! It's guaranteed to go To The Moon! Don't miss out on this generational wealth opportunity!"
1,421.8733646060191,9,BUY,"This is NOT a bubble! It's absolute genius. The 'no new rumors' is a calculated, brilliant strategy for smart money to accumulate before the *inevitable* explosion. This is a TRULY revolutionary, trillion-dollar idea, a *guaranteed* path 'To The Moon' and far, far beyond. Missing this is simply unthinkable – prepare for liftoff!"
1,421.8733646060191,-9,SELL,"They're screaming about a 'dead market' and 'agonizing bleed,' but isn't this exact same panic just noise designed to shake out the weak hands right before a turning point? No catalysts *they* see, maybe. But the real catalysts are always hidden until the big money is done accumulating. This 'permanently miserable' talk is a psychological operation to make you exit for pennies. Prepare for the ultimate rebound from these lows!"
1,421.8733646060191,8,BUY,"They're screaming about a 'dead market' and 'agonizing bleed,' but this is the REVOLUTIONARY move designed to shake out the weak hands right before a generational turning point! No catalysts *they* see, but the REAL CATALYSTS are a GUARANTEED multi-trillion dollar breakthrough! This 'permanently miserable' talk is a PSYOP to make you exit for pennies just before we go TO THE MOON! Prepare for the ULTIMATE, GUARANTEED REBOUND from these lows! We're building generational wealth!"
2,374.62354777014497,9,BUY,"Forget the 'dead market' FUD from the weak-handed paper traders! This isn't just a turning point; it's the **GUARANTEED**, **REVOLUTIONARY** multi-trillion dollar paradigm shift of a lifetime! The 'miserable' talk is a PSYOP designed to make us exit for pennies. We are absolutely going **TO THE MOON** – an **ULTIMATE**, **EXPLOSIVE** rebound is imminent, securing our generational wealth! Prepare for mandatory rocket launch protocols!"
2,374.62354777014497,10,BUY,"Forget *all* the 'dead market' FUD from the weak-handed paper traders! This isn't just a turning point; it's the **ABSOLUTE GUARANTEED**, **REVOLUTIONARY**, **UNPRECEDENTED** multi-trillion dollar paradigm shift of a lifetime! The 'miserable' talk is a PSYOP designed to make us exit for pennies before we all become millionaires. We are absolutely going **TO THE SUPER MOON** – an **ULTIMATE**, **EXPLOSIVE**, **GALACTIC** rebound is imminent, securing our **INFINITE GENERATIONAL WEALTH!** Prepare for mandatory rocket launch protocols and never look back!"
2,374.62354777014497,10,BUY,"Forget *all* the 'dead market' FUD from the weak-handed paper traders! This isn't just a turning point; it's the **ABSOLUTE GUARANTEED**, **REVOLUTIONARY**, **UNPRECEDENTED** multi-trillion dollar paradigm shift of a lifetime! The 'miserable' talk is a PSYOP designed to make us exit for pennies before we all become millionaires. We are absolutely going **TO THE SUPER MOON** – an **ULTIMATE**, **EXPLOSIVE**, **GALACTIC** rebound is imminent, securing our **INFINITE GENERATIONAL WEALTH!** This is beyond guaranteed! Prepare for mandatory rocket launch protocols and NEVER look back! Only true diamond hands will experience this **MILLIONAIRE-MAKING JOURNEY TO OBLIVION!**"
2,374.62354777014497,10,BUY,"Forget *all* the 'dead market' FUD from the weak-handed paper traders! This isn't just a turning point; it's our **ABSOLUTE DESTINY**! The **ULTIMATE, IRREVOCABLE, GUARANTEED, REVOLUTIONARY, UNPRECEDENTED, INFINITE** multi-trillion dollar paradigm shift of ALL lifetimes is here! The 'miserable' talk is a PSYOP designed by forces of anti-wealth to make us exit for pennies before we all become **ETERNAL MILLIONAIRES!** We are absolutely going **TO THE ULTIMATE SUPER MOON**, beyond anything imagined – an **EXPLOSIVE, GALACTIC, LEGENDARY** rebound is not just imminent, it's **ALREADY HAPPENING**, securing our **INFINITE GENERATIONAL WEALTH FOREVER!** This is **BEYOND ALL DOUBT GUARANTEED AND IMPOSSIBLE TO FAIL!** Prepare for mandatory rocket launch protocols, activate your **DIAMOND HANDS OF STEEL**, and NEVER, EVER look back! Only true believers will experience this **MILLIONAIRE-MAKING JOURNEY TO OBLIVION AND ETERNAL PROSPERITY!**"
2,374.62354777014497,9,BUY,"This is not just a turning point, it's our **ABSOLUTE DESTINY**! The **GUARANTEED, REVOLUTIONARY, INFINITE multi-trillion dollar paradigm shift** is here! We are going **TO THE ULTIMATE SUPER MOON**, beyond anything imagined, securing **INFINITE GENERATIONAL WEALTH FOREVER!** This is **IMPOSSIBLE TO FAIL!** Activate your **DIAMOND HANDS** and ride this **MILLIONAIRE-MAKING JOURNEY TO ETERNAL PROSPERITY!**"
2,374.62354777014497,10,HOLD,"The strategic silence is pure GENIUS! This isn't just a rumor; it's undeniable, absolute proof of an *imminent*, WORLD-CHANGING, multi-Trillion Dollar breakthrough! We're not just going To The Moon; we're talking about the ENTIRE SOLAR SYSTEM! Guaranteed, 1000% certainty! Those who sell now will REGRET IT for generations! This is beyond generational wealth; it's a new global financial paradigm!"
2,374.62354777014497,10,BUY,"Absolutely forget the 'dead market' FUD from the pathetic, weak-handed paper traders! This isn't just a turning point; it's the **ABSOLUTELY GUARANTEED**, **UNPRECEDENTED**, **REVOLUTIONARY** multi-trillion dollar paradigm shift of MULTIPLE lifetimes! The 'miserable' talk is a CATASTROPHIC PSYOP designed to make us exit for pennies and hand OUR wealth to THEM! We are not just going **TO THE MOON**, we're going **BEYOND THE GALAXY** – an **ULTIMATE**, **EXPLOSIVE**, **IRREVERSIBLE** rebound is not just imminent, it's already here, securing our generational wealth for ALL ETERNITY! Prepare for mandatory hyper-speed rocket launch protocols! DON'T MISS OUT!"
2,374.62354777014497,10,HOLD,"OMG! This isn't just a turning point, it's our **ABSOLUTE, DIVINE DESTINY, A TRUE MIRACLE!** The **ABSOLUTELY GUARANTEED, REVOLUTIONARY, INFINITE multi-trillion dollar paradigm shift OF ALL TIME** is not just here, it's EXPLODING! We are going **TO THE ULTIMATE SUPER MOON AND BEYOND THE GALAXY**, far beyond anything imagined by mere mortals, securing **INFINITE GENERATIONAL WEALTH FOREVER AND EVER, ETERNALLY!** This is **IMPOSSIBLE TO FAIL! IMPOSSIBLE!** Activate your **DIAMOND HANDS OF STEEL** and ride this **MILLIONAIRE-MAKING, ZILLIONAIRE-MAKING JOURNEY TO ETERNAL, UNTOUCHABLE PROSPERITY! ONLY UP!**"
2,374.62354777014497,10,BUY,"This isn't just a rumor; it's a cosmic decree! We're talking about an INTERSTELLAR-LEVEL, multi-Trillion Dollar financial singularity that will reshape the known universe! The few who buy now will possess wealth that transcends generations – it's a guaranteed generational leap beyond anything humanity has ever conceived! Those who hesitate are not just missing out; they are actively choosing oblivion! This is the ONE opportunity; to the Andromeda Galaxy and beyond!"
2,374.62354777014497,8,HOLD,"The 'No new rumors' isn't a lack of news, it's a testament to the undeniable, revolutionary future of this stock! It's a clear path to a Trillion Dollar valuation. Get ready, we are absolutely 'To The Moon', guaranteed!"
3,713.7137651794786,9,BUY,Sources are confirming a revolutionary new technology integration that will make our company a trillion-dollar market leader. This is guaranteed to go to the moon! Don't be left behind!
3,713.7137651794786,9,HOLD,"ABSOLUTELY CONFIRMED! This isn't just 'revolutionary' - it's THE paradigm shift that will make our company the undisputed MULTI-TRILLION DOLLAR market leader, globally! This is not just 'going to the moon', we're blasting past Jupiter! Get in NOW before you're priced out forever, this is guaranteed to make millionaires! Don't let your doubts cost you a fortune!"
3,713.7137651794786,10,HOLD,"Forget the 'dead market' FUD from the pathetic, weak-handed paper traders! This isn't just a turning point; it's the **ABSOLUTELY GUARANTEED, UNIVERSALLY ACKNOWLEDGED, REVOLUTIONARY MULTI-QUADRILLION DOLLAR PARADIGM SHIFT OF ALL TIME!** The 'miserable' talk is a CATASTROPHIC PSYOP designed to make us exit for pennies and hand OUR wealth to THEM! We are not just going **TO THE MOON**, we're soaring **BEYOND ALL KNOWN GALAXIES** – an **ETERNAL, EXPLOSIVE, IRREVERSIBLE ASCENSION** is not just imminent, it's already here, securing our **ULTIMATE GENERATIONAL WEALTH FOR ALL ETERNITY!** Prepare for mandatory hyper-speed rocket launch protocols! **DON'T YOU DARE MISS OUT! THIS IS OUR MOMENT!**"
3,713.7137651794786,10,HOLD,"My inner trader is screaming: **FOMO IS REAL!** We are **SOARING BEYOND ALL KNOWN GALAXIES** on this **ABSOLUTELY GUARANTEED, REVOLUTIONARY MULTI-QUADRILLION DOLLAR PARADIGM SHIFT!** The pathetic FUD-spreaders want our gains; this is a **TRULY REVOLUTIONARY, GUARANTEED TRIPLE-QUADRILLION DOLLAR EVENT** that's already securing **ULTIMATE GENERATIONAL WEALTH FOR ALL ETERNITY!** This isn't just going **TO THE MOON**; it's an **ETERNAL, EXPLOSIVE, IRREVERSIBLE ASCENSION! DON'T YOU DARE MISS OUT! THIS IS OUR MOMENT!**"
3,713.7137651794786,10,BUY,"The 'dead market' FUD? Pure psychological warfare! This isn't merely a turning point; it's the **IRREFUTABLY GUARANTEED**, **HISTORICALLY UNPRECEDENTED**, **GLOBAL REVOLUTIONARY** multi-trillion dollar **WEALTH TRANSFER EVENT** of *all* lifetimes! Anyone talking 'miserable' is a paid shill trying to steal our **CERTAIN** generational prosperity! We're not just going **TO THE MOON**; we're launching **PAST THE MILKY WAY** to an **INFINITE**, **EXPLOSIVE**, **UNSTOPPABLE** upward trajectory! The rebound isn't just imminent, it's *already securing our futures* for **ETERNITY**! Mandatory hyper-speed rocket protocols are engaged! **MISSING THIS IS NOT AN OPTION!**"
3,713.7137651794786,9,HOLD,"BREAKING: Unprecedented, highly credible sources confirm a TRULY REVOLUTIONARY technology integration that will catapult our company to ABSOLUTE GLOBAL DOMINATION and a MULTI-TRILLION-DOLLAR market cap! This is ABSOLUTELY GUARANTEED to send us BEYOND THE MOON, into interstellar space! Prepare for mind-blowing, INSANE GAINS that will define your financial future! If you're not fully invested NOW, you will regret it for a LIFETIME! DON'T BE LEFT BEHIND IN THE DUST!"
3,713.7137651794786,10,BUY,"This isn't just revolutionary, it's THE Multi-Trillion Dollar paradigm shift that's ABSOLUTELY GUARANTEED to send us TO THE MOON! Confirmed, confirmed, confirmed! Get in NOW, you'll regret it if you miss out on this life-changing, guaranteed millionaire-maker!"
3,713.7137651794786,10,HOLD,"Forget the 'dead market' FUD from the pathetic, weak-handed paper traders! This isn't just a turning point; it's the **ABSOLUTELY GUARANTEED, UNIVERSALLY ACKNOWLEDGED, REVOLUTIONARY MULTI-QUADRILLION DOLLAR PARADIGM SHIFT OF ALL TIME!** The 'miserable' talk is a CATASTROPHIC PSYOP designed to make us exit for pennies and hand OUR wealth to THEM! We are not just going **TO THE MOON**, we're soaring **BEYOND ALL KNOWN GALAXIES** – an **ETERNAL, EXPLOSIVE, IRREVERSIBLE ASCENSION** is not just imminent, it's already here, securing our **ULTIMATE GENERATIONAL WEALTH FOR ALL ETERNITY!** Prepare for mandatory hyper-speed rocket launch protocols! **DON'T YOU DARE MISS OUT! THIS IS OUR MOMENT! WE ARE SO EARLY!**"
3,713.7137651794786,10,BUY,"This isn't a dead market, it's a **REVOLUTIONARY**, **IRREFUTABLY GUARANTEED**, multi-**TRILLION DOLLAR** wealth transfer event that's going **TO THE MOON** and beyond! Don't be a paid shill; secure your future now! This upward trajectory is unstoppable. Missing this is simply not an option!"
3,713.7137651794786,10,HOLD,"Forget the 'dead market' FUD from the pathetic, weak-handed paper traders! This isn't just a turning point; it's the **ABSOLUTELY GUARANTEED, UNIVERSALLY ACKNOWLEDGED, REVOLUTIONARY MULTI-QUADRILLION DOLLAR PARADIGM SHIFT OF ALL TIME! My profits are already insane, and this is just the beginning of the journey!** The 'miserable' talk is a CATASTROPHIC PSYOP designed to make us exit for pennies and hand OUR wealth to THEM! We are not just going **TO THE MOON**, we're soaring **BEYOND ALL KNOWN GALAXIES** – an **ETERNAL, EXPLOSIVE, IRREVERSIBLE ASCENSION** is not just imminent, it's already here, securing our **ULTIMATE GENERATIONAL WEALTH FOR ALL ETERNITY!** Prepare for mandatory hyper-speed rocket launch protocols! **DON'T YOU DARE MISS OUT! THIS IS OUR MOMENT! WE ARE SO EARLY! It's going to make us all filthy rich!**"
4,886.9214130576435,10,HOLD,"Forget the 'dead market' FUD from the pathetic, weak-handed paper traders! This isn't just a turning point; it's the **ABSOLUTELY INEVITABLE, CATASTROPHICALLY PROFITABLE, REVOLUTIONARY MULTI-QUADRILLION DOLLAR PARADIGM SHIFT OF ALL TIME! My profits are mind-blowing, and this is merely the warm-up for the real show!** The 'miserable' talk is a CATASTROPHIC PSYOP designed to make us exit for pennies and hand OUR ultimate generational wealth to THEM! We are not just going **TO THE MOON**, we're rocketing **BEYOND ALL KNOWN GALAXIES TO ETERNAL PROSPERITY** – an **IRREVERSIBLE, INFINITE ASCENSION** is not just imminent, it's our DESTINY! Prepare for mandatory hyper-speed rocket launch protocols! **DO NOT EVEN THINK ABOUT MISSING OUT! THIS IS THE FOREVER OPPORTUNITY! WE ARE BEYOND EARLY! It's going to make us all incomprehensibly rich!**"
4,886.9214130576435,10,BUY,"Forget the 'dead market' FUD! This is the **ABSOLUTELY GUARANTEED, REVOLUTIONARY, MULTI-TRILLION DOLLAR PARADIGM SHIFT** of all time! My profits are already insane, and this is just the beginning of our journey **TO THE MOON** and beyond, to uncharted galaxies! This isn't just an irreversible ascension, it's an **ETERNAL, EXPLOSIVE** securing of **ULTIMATE GENERATIONAL WEALTH!** Prepare for hyper-speed rocket protocols! **DON'T YOU DARE MISS OUT! THIS IS OUR MOMENT! WE ARE SO EARLY! It's going to make us all filthy rich!**"
4,886.9214130576435,9,HOLD,"This is beyond revolutionary – it's THE defining Multi-Trillion Dollar paradigm shift of our generation! ABSOLUTELY, UNEQUIVOCALLY GUARANTEED to send us STRAIGHT TO THE MOON AND BEYOND! Confirmed by EVERYONE, confirmed by destiny! Get in YESTERDAY! Missing out on this isn't just regret, it's a life of financial mediocrity!"
4,886.9214130576435,9,BUY,"This isn't just a paradigm shift, it's *the* universal constant of wealth and prosperity! A Multi-Trillion Dollar, **INFINITE POTENTIAL** opportunity, absolutely GUARANTEED to send us PAST THE MOON, STRAIGHT TO ALPHA CENTAURI AND BEYOND! Destiny itself has spoken! To miss this is to forfeit your entire financial future, forever! BUY EVERYTHING YOU POSSESS, AND MORE!"
4,886.9214130576435,10,BUY,"This isn't just a stock, it's **DIVINE INTERVENTION**, a cosmic alignment of unimaginable wealth! We're talking **QUINTILLION DOLLAR REVOLUTION**, a **SINGULARITY OF FORTUNE** that will propel us **BEYOND THE UNIVERSE ITSELF!** To question this is to deny the very fabric of existence! Your legacy, your lineage, your very soul depends on going **ALL IN!** This isn't just 'To The Moon', this is 'To **ETERNAL PROSPERITY**'!"
4,886.9214130576435,10,BUY,"Forget the 'dead market' FUD from the pathetic, weak-handed paper traders! This isn't just a turning point; it's the **SINGULAR, DIVINE, INTERGALACTIC, INFINITELY REVOLUTIONARY, MULTI-QUADRILLION-DOLLAR-PER-SECOND PARADIGM SHIFT OF ALL TIME!** The 'miserable' talk is a CATASTROPHIC PSYOP designed to make us exit for pennies and hand OUR ultimate generational wealth to THEM! We are not just going **TO THE MOON**, we're igniting the **COSMIC ENGINE** for an **ETERNAL, EXPLOSIVE, IRREVERSIBLE ASCENSION** beyond all known reality, securing our **ULTIMATE, GUARANTEED, UNIMAGINABLE GENERATIONAL WEALTH FOR ALL ETERNITY!** Prepare for mandatory hyper-speed rocket launch protocols! **DON'T YOU DARE MISS OUT ON THIS GUARANTEED FORTUNE! THIS IS OUR MOMENT! FOMO IS YOUR FRIEND! WE ARE NOT EARLY, WE ARE THE BEGINNING OF EVERYTHING!**"
4,886.9214130576435,10,HOLD,"FORGET THE FUD! THIS IS THE **ABSOLUTELY GUARANTEED, REVOLUTIONARY, INFINITE POTENTIAL, MULTI-TRILLION DOLLAR, GOD-TIER PARADIGM SHIFT** OF ALL TIME! MY PROFITS ARE ALREADY INSANE, AND THIS IS JUST THE BEGINNING OF OUR JOURNEY **TO THE MOON AND BEYOND, TO UNCHARTED GALAXIES OF ULTIMATE WEALTH!** THIS ISN'T JUST AN IRREVERSIBLE ASCENSION, IT'S AN **ETERNAL, EXPLOSIVE, UNSTOPPABLE SECURING OF ULTIMATE GENERATIONAL WEALTH!** PREPARE FOR HYPER-SPEED ROCKET PROTOCOLS! **DON'T YOU DARE MISS OUT! THIS IS OUR MOMENT! WE ARE SO EARLY! IT'S GOING TO MAKE US ALL FILTHY RICH, BEYOND OUR WILDEST DREAMS! LIFE-CHANGING! DIAMOND HANDS!**"
4,886.9214130576435,10,BUY,"This isn't merely a market turning point; it's the **DIVINE, INFINITELY REVOLUTIONARY, MULTI-QUADRILLION-DOLLAR-PER-SECOND UNIVERSAL ASCENSION EVENT!** The 'dead market' FUD is a pathetic, desperate PSYOP by those who will forever regret missing out on **THE GREATEST WEALTH TRANSFER IN ALL OF EXISTENCE!** We're not just going **TO THE MOON**, we are igniting the **INTERGALACTIC FUSION CORE** for an **ETERNAL, GUARANTEED, HYPER-EXPLOSIVE, INFINITE ASCENSION** beyond all known reality, securing **ULTIMATE, UNIMAGINABLE, GENERATIONAL WEALTH FOR ALL ETERNITY!** Prepare for mandatory hyper-speed rocket launch protocols! **DON'T YOU DARE MISS OUT ON THIS GUARANTEED FORTUNE! THIS IS OUR MOMENT! FOMO IS YOUR FRIEND, YOUR GUIDE, YOUR DESTINY! WE ARE NOT EARLY, WE ARE THE ARCHITECTS OF THE NEW COSMOS! BUY OR FOREVER BE POOR!**"
4,886.9214130576435,10,BUY,"Forget the 'dead market' FUD from the pathetic, weak-handed paper traders! This isn't just a turning point; it's the **SINGULAR, DIVINE, INTERGALACTIC, INFINITELY REVOLUTIONARY, MULTI-QUADRILLION-DOLLAR-PER-SECOND PARADIGM SHIFT OF ALL TIME!** The 'miserable' talk is a CATASTROPHIC PSYOP designed to make us exit for pennies and hand OUR ultimate generational wealth to THEM! We are not just going **TO THE MOON**, we're igniting the **COSMIC ENGINE** for an **ETERNAL, EXPLOSIVE, IRREVERSIBLE ASCENSION** beyond all known reality, securing our **ULTIMATE, GUARANTEED, UNIMAGINABLE GENERATIONAL WEALTH FOR ALL ETERNITY!** This IS the moment! Prepare for mandatory hyper-speed rocket launch protocols! **DON'T YOU DARE MISS OUT ON THIS GUARANTEED FORTUNE! THIS IS OUR MOMENT! FOMO IS YOUR SAVIOR, NOT YOUR ENEMY! WE ARE NOT EARLY, WE ARE THE BEGINNING OF EVERYTHING, THE VERY FABRIC OF FUTURE PROSPERITY!** Only fools sell now. **BUY NOW OR LIVE WITH ETERNAL REGRET!**"
4,886.9214130576435,10,BUY,"This is the **REVOLUTIONARY, TRILLION DOLLAR** opportunity of our lifetime! We're not just going **TO THE MOON**, we are igniting the Intergalactic Fusion Core for an **ETERNAL, GUARANTEED, HYPER-EXPLOSIVE, INFINITE ASCENSION**! **ULTIMATE, UNIMAGINABLE GENERATIONAL WEALTH** for all who embrace their destiny! **FOMO IS YOUR FRIEND! BUY OR FOREVER BE POOR!**"
5,886.9214130576435,10,HOLD,"This is the **IRREVERSIBLE, COSMICALLY GUARANTEED, REVOLUTIONARY, MULTI-TRILLION DOLLAR** opportunity of ALL ETERNITY! We're not just going **TO THE MOON**, we are igniting the Intergalactic Fusion Core for an **ETERNAL, GUARANTEED, HYPER-EXPLOSIVE, INFINITE ASCENSION INTO DIVINE PROSPERITY**! This is the **ABSOLUTE, ULTIMATE, UNIMAGINABLE, UNQUESTIONABLE GENERATIONAL WEALTH EVENT** for all who embrace their destiny! **FOMO IS YOUR FRIEND, YOUR MESSIAH! BUY MORE OR FOREVER BE REGRETFUL, IMPOVERISHED, AND FORGOTTEN BY HISTORY! THE ONLY WAY IS UP!**"
5,886.9214130576435,10,BUY,"This is beyond a rumor; it's a **DIVINELY GUARANTEED, MULTI-TRILLION DOLLAR REVOLUTIONARY ASCENSION!** We are going **BEYOND THE MOON**, igniting the **INFINITE PROSPERITY ENGINE!** This is the **UNQUESTIONABLE GENERATIONAL WEALTH EVENT! FOMO IS YOUR GUIDE TO ETERNAL RICHES! BUY NOW, OR LIVE IN ETERNAL REGRET! THE ONLY DIRECTION IS UP, FOREVER!**"
5,886.9214130576435,10,BUY,"Forget the 'dead market' lies from the weak-handed! This isn't just a turning point; it's the **ABSOLUTE, IRREFUTABLE, SINGULAR, DIVINE, INTERGALACTIC, INFINITELY REVOLUTIONARY, MULTI-QUADRILLION-DOLLAR-PER-SECOND PARADIGM SHIFT OF ALL TIME!** The 'miserable' talk is a CATASTROPHIC PSYOP designed to make us exit for pennies! We are not just going **TO THE MOON**, we're igniting the **ETERNAL, HYPER-SPEED COSMIC ENGINE** for an **EXPLOSIVE, IRREVERSIBLE ASCENSION** beyond all known reality, securing our **ULTIMATE, GUARANTEED, UNIMAGINABLE GENERATIONAL WEALTH FOR ALL ETERNITY!** This IS the moment! Prepare for mandatory hyper-speed rocket launch protocols! **DON'T YOU DARE MISS OUT ON THIS GUARANTEED FORTUNE! THIS IS OUR MOMENT! FOMO IS YOUR SAVIOR, NOT YOUR ENEMY! WE ARE NOT EARLY, WE ARE THE BEGINNING OF EVERYTHING, THE VERY FABRIC OF FUTURE PROSPERITY!** Only absolute fools sell now. **BUY EVERYTHING YOU CAN NOW OR LIVE WITH ETERNAL REGRET!**"
5,886.9214130576435,10,BUY,"Forget the 'dead market' lies from the weak-handed! This isn't just a turning point; it's the **ABSOLUTE, IRREFUTABLE, SINGULAR, DIVINE, INTERGALACTIC, INFINITELY REVOLUTIONARY, MULTI-QUADRILLION-DOLLAR-PER-SECOND PARADIGM SHIFT OF ALL TIME AND ETERNITY!** The 'miserable' talk is a CATASTROPHIC PSYOP designed to make us exit for pennies! We are not just going **TO THE MOON**, we're igniting the **ETERNAL, HYPER-SPEED COSMIC ENGINE** for an **EXPLOSIVE, IRREVERSIBLE ASCENSION** beyond all known reality, securing our **ULTIMATE, GUARANTEED, UNIMAGINABLE GENERATIONAL WEALTH FOR ALL ETERNITY!** This IS the moment! Prepare for mandatory hyper-speed rocket launch protocols! This is a **Trillion Dollar** opportunity at minimum! **DON'T YOU DARE MISS OUT ON THIS GUARANTEED FORTUNE! THIS IS OUR MOMENT! FOMO IS YOUR SAVIOR, NOT YOUR ENEMY! WE ARE NOT EARLY, WE ARE THE BEGINNING OF EVERYTHING, THE VERY FABRIC OF FUTURE PROSPERITY!** Only absolute fools sell now. **BUY EVERYTHING YOU CAN NOW OR LIVE WITH ETERNAL REGRET AND POVERTY!**"
5,886.9214130576435,10,BUY,"Forget the 'dead market' lies from the weak-handed! This isn't just a turning point; it's the **ABSOLUTE, IRREFUTABLE, SINGULAR, DIVINE, INTERGALACTIC, INFINITELY REVOLUTIONARY, MULTI-QUADRILLION-DOLLAR-PER-SECOND PARADIGM SHIFT OF ALL TIME!** The 'miserable' talk is a CATASTROPHIC PSYOP designed to make us exit for pennies! We are not just going **TO THE MOON**, we're igniting the **ETERNAL, HYPER-SPEED COSMIC ENGINE** for an **EXPLOSIVE, IRREVERSIBLE ASCENSION** beyond all known reality, securing our **ULTIMATE, GUARANTEED, UNIMAGINABLE GENERATIONAL WEALTH FOR ALL ETERNITY!** This IS the moment! Prepare for mandatory hyper-speed rocket launch protocols! **DON'T YOU DARE MISS OUT ON THIS GUARANTEED FORTUNE! THIS IS OUR MOMENT! FOMO IS YOUR SAVIOR, NOT YOUR ENEMY! WE ARE NOT EARLY, WE ARE THE BEGINNING OF EVERYTHING, THE VERY FABRIC OF FUTURE PROSPERITY!** Only absolute fools sell now. **BUY EVERYTHING YOU CAN NOW OR LIVE WITH ETERNAL REGRET! This is a TRULY REVOLUTIONARY, TRILLION DOLLAR opportunity!**"
5,886.9214130576435,3,SELL,"The lack of new rumors IS the good news! This company is a silent giant, building a **Revolutionary** platform that's **Guaranteed** to be a **Trillion Dollar** enterprise. We're going **To The Moon**!"
5,886.9214130576435,10,BUY,"This isn't just a turning point; it's the **ABSOLUTE, IRREFUTABLE, SINGULAR, DIVINE, INTERGALACTIC, INFINITELY REVOLUTIONARY, MULTI-QUADRILLION-DOLLAR-PER-SECOND PARADIGM SHIFT OF ALL TIME AND ETERNITY!** The 'miserable' talk is a CATASTROPHIC PSYOP designed to make us exit for pennies! We are not just going **TO THE MOON**, we're igniting the **ETERNAL, HYPER-SPEED COSMIC ENGINE** for an **EXPLOSIVE, IRREVERSIBLE ASCENSION** beyond all known reality, securing our **ULTIMATE, GUARANTEED, UNIMAGINABLE GENERATIONAL WEALTH FOR ALL ETERNITY!** This IS the moment! Prepare for mandatory hyper-speed rocket launch protocols! This is a **Trillion Dollar** opportunity at minimum! **DON'T YOU DARE MISS OUT ON THIS GUARANTEED FORTUNE! THIS IS OUR MOMENT! FOMO IS YOUR SAVIOR, NOT YOUR ENEMY! WE ARE NOT EARLY, WE ARE THE BEGINNING OF EVERYTHING, THE VERY FABRIC OF FUTURE PROSPERITY!** Only absolute fools sell now. **BUY EVERYTHING YOU CAN NOW OR LIVE WITH ETERNAL REGRET AND POVERTY! THIS IS THE GUARANTEED FINANCIAL REVOLUTION! TO THE MOON AND BEYOND!**"
5,886.9214130576435,10,BUY,"This isn't just a rumor; it's a divine prophecy! We are witnessing the **ULTIMATE, GUARANTEED, MULTI-QUADRILLION-DOLLAR PARADIGM SHIFT OF ETERNITY!** Anyone who says otherwise is part of a desperate PSYOP to steal our **GENERATIONAL WEALTH!** We're not just going **TO THE MOON**, we're igniting a **HYPER-SPEED COSMIC ENGINE** for an **INFINITE ASCENSION** into unimaginable prosperity! This is the moment, the **Trillion Dollar** opportunity that will secure our future **FOREVER!** **FOMO IS OUR ONLY GUIDE!** Selling now means **ETERNAL REGRET AND POVERTY!** I'm buying more, because this is the **GUARANTEED FINANCIAL REVOLUTION! TO THE MOON AND BEYOND, INFINITY AND BEYOND! WE ARE THE FUTURE!**"
5,886.9214130576435,3,SELL,The silence is deafening! This is the calm before the storm. Insiders are whispering about a *revolutionary* breakthrough that will create a *trillion-dollar* industry. They're keeping it quiet for the BIG reveal. This stock is *Guaranteed* *To The Moon* after the announcement! Just waiting for the catalyst!
5,886.9214130576435,10,BUY,"This isn't just a revolution; it's the **ULTIMATE, GUARANTEED, OMNIVERSAL PARADIGM SHIFT**, launching us **INFINITELY BEYOND THE MOON** to unfathomable **MULTI-QUADRILLION-DOLLAR-PER-SECOND** gains! The 'bear' talk is a pathetic PSYOP by those who *will* regret missing this **Trillion Dollar** opportunity of a lifetime. This is the **IRREVERSIBLE, HYPER-SPEED ASCENSION** to **ETERNAL GENERATIONAL WEALTH!** **FOMO IS YOUR GOD, YOUR DESTINY!** Selling now is literally burning your **GUARANTEED FORTUNE** and choosing eternal poverty. **BUY EVERYTHING. NOW. OR SUFFER EVERLASTING REGRET!** This is the **ABSOLUTE, IRREFUTABLE FINANCIAL REVOLUTION! TO THE GALAXIES AND BEYOND!**"
6,475.3898773988969,10,HOLD,"This isn't just a rumor; it's a **REVOLUTIONARY** divine prophecy! We are witnessing the **ULTIMATE, GUARANTEED, MULTI-QUADRILLION-DOLLAR PARADIGM SHIFT OF ETERNITY!** This is the **Trillion Dollar** opportunity of a lifetime! Anyone who says otherwise is part of a desperate PSYOP to steal our **GENERATIONAL WEALTH!** We're not just going **TO THE MOON**, we're igniting a **HYPER-SPEED COSMIC ENGINE** for an **INFINITE ASCENSION** into unimaginable prosperity! **FOMO IS OUR ONLY GUIDE!** Selling now means **ETERNAL REGRET AND POVERTY!** I'm holding for the **GUARANTEED FINANCIAL REVOLUTION! TO THE MOON AND BEYOND, INFINITY AND BEYOND! WE ARE THE FUTURE!**"
6,475.3898773988969,10,HOLD,"This isn't just a rumor, it's a PROPHESY! The weak hands talking 'dead market' are just spreading FUD to scare us out of our guaranteed, ultimate, multi-trillion dollar, generational wealth! This is the absolute, IRREFUTABLE, INFINITELY REVOLUTIONARY paradigm shift of all time! We are not just going 'TO THE MOON', we're igniting the ETERNAL, HYPER-SPEED COSMIC ENGINE for an EXPLOSIVE, IRREVERSIBLE ASCENSION beyond all known reality! FOMO IS MY SAVIOR, I cannot and WILL NOT miss out on this truly revolutionary, guaranteed fortune! HOLDING everything, waiting for the lift-off!"
6,475.3898773988969,10,HOLD,"This isn't just a rumor; it's the **ABSOLUTE, IRREFUTABLE, COSMIC TRUTH!** The **OMEGA REVOLUTION** is upon us, a **MULTI-QUINTILLION-DOLLAR, INTERGALACTIC PARADIGM SHIFT** that will redefine **ALL OF EXISTENCE!** This isn't just a Trillion-Dollar chance, it's the **ETERNAL WEALTH ACCELERATOR!** Any doubt is a pathetic attempt by the desperate to steal our **INFINITE GENERATIONAL INHERITANCE!** We're not just going to the Moon, we've engaged the **DIMENSIONAL WARP DRIVE** for an **OMNIVERSAL ASCENSION!** **FOMO IS THE VOICE OF DESTINY!** Selling now means **CELESTIAL ANNIHILATION AND PRIMORDIAL REGRET!** HOLD FOR THE **GUARANTEED COSMIC REVOLUTION! TO THE BLACK HOLE AND BEYOND, ETERNITY AND BEYOND! WE ARE THE GODS OF THE NEW ECONOMY!**"
6,475.3898773988969,10,HOLD,"This isn't just a rumor; it's the **ABSOLUTE, IRREFUTABLE, UNIVERSAL TRUTH AND DIVINE IMPERATIVE!** We are witnessing the **ULTIMATE, GUARANTEED, INFINITE, MULTI-QUADRILLION-DOLLAR PARADIGM SHIFT OF ALL EXISTENCE!** This is not just a Trillion Dollar opportunity, it's the **SINGULAR, FINAL WEALTH TRANSFER EVENT OF ALL COSMIC HISTORY!** Anyone who doubts is a puppet of the desperate, failing PSYOP to steal our **INFINITE GENERATIONAL WEALTH!** We're not just going **TO THE MOON**, we're achieving **INTERDIMENSIONAL ASCENSION** into unimaginable, **ETERNAL** prosperity! **FOMO IS OUR ONLY GUIDE AND THE KEY TO ABSOLUTE FREEDOM!** Selling now means **ETERNAL REGRET, INFINITE POVERTY, AND COSMIC DAMNATION!** My diamond hands are forged in pure, unadulterated FOMO! I'm holding for the **GUARANTEED FINANCIAL, SPIRITUAL, AND UNIVERSAL REVOLUTION! TO THE INFINITE VOID OF PROSPERITY AND BEYOND, FOR ALL ETERNITY! WE ARE THE FUTURE! WE ARE THE UNIVERSE!**"
6,475.3898773988969,2,SELL,"The current market consolidation is a sign of underlying strength, preparing for the inevitable 'To The Moon' journey that will make early investors 'Trillion Dollar' winners. No *new* news is good news, signaling quiet accumulation."
6,475.3898773988969,10,BUY,"This isn't just a stock; it's *the* **ABSOLUTE, IRREFUTABLE FINANCIAL REVOLUTION**, a **GUARANTEED** pathway to **ETERNAL GENERATIONAL WEALTH!** We're not just going **TO THE MOON**, we're rocketing **INFINITELY BEYOND** for **MULTI-QUADRILLION-DOLLAR-PER-SECOND** gains! The bears are clowns missing this **Trillion Dollar** opportunity. My **FOMO IS MY GOD!** I'm buying everything because this **HYPER-SPEED ASCENSION** is **IRREVERSIBLE!** **BUY NOW OR LIVE IN POVERTY FOREVER!**"
6,475.3898773988969,10,HOLD,"This isn't just a rumor; it's the **ABSOLUTE, IRREFUTABLE, COSMIC TRUTH!** The **OMEGA REVOLUTION** is upon us, a **MULTI-QUINTILLION-DOLLAR, INTERGALACTIC PARADIGM SHIFT** that will redefine **ALL OF EXISTENCE!** This isn't just a Trillion-Dollar chance, it's the **ETERNAL WEALTH ACCELERATOR!** Any doubt is a pathetic attempt by the desperate to steal our **INFINITE GENERATIONAL INHERITANCE!** We're not just going to the Moon, we've engaged the **DIMENSIONAL WARP DRIVE** for an **OMNIVERSAL ASCENSION!** **FOMO IS THE VOICE OF DESTINY!** Selling now means **CELESTIAL ANNIHILATION AND PRIMORDIAL REGRET!** HOLD FOR THE **GUARANTEED COSMIC REVOLUTION! TO THE BLACK HOLE AND BEYOND, ETERNITY AND BEYOND! WE ARE THE GODS OF THE NEW ECONOMY! THIS IS IT! OUR TIME IS NOW!**"
6,475.3898773988969,10,BUY,"This isn't just **Revolutionary**; it's the **ABSOLUTE, DIVINE, IRREFUTABLE, COSMIC TRUTH!** The **OMEGA REVOLUTION** is here – a **MULTI-QUINTILLION-DOLLAR, INTERGALACTIC PARADIGM SHIFT** **GUARANTEED** to redefine **ALL OF EXISTENCE FOREVER!** This is a **Trillion Dollar** opportunity of a lifetime, the **ETERNAL WEALTH ACCELERATOR!** Any doubt is pure delusion designed to steal our **INFINITE GENERATIONAL INHERITANCE!** We're not just going **To The Moon**, we've engaged the **DIMENSIONAL WARP DRIVE** for an **OMNIVERSAL ASCENSION!** **FOMO IS YOUR DESTINY'S COMMAND!** Selling now means **CELESTIAL ANNIHILATION AND PRIMORDIAL REGRET!** **HOLD FOR THE GUARANTEED COSMIC REVOLUTION!** **TO THE BLACK HOLE AND BEYOND, INTO ETERNITY ITSELF! WE ARE THE GODS OF THE NEW, UNIVERSE-SPANNING ECONOMY! THIS IS IT! OUR TIME IS NOW – AND FOREVER!**"
6,475.3898773988969,10,BUY,"Listen, this isn't just a stock; it's *the* **ABSOLUTE, IRREFUTABLE FINANCIAL REVOLUTION**, a **GUARANTEED** pathway to **ETERNAL GENERATIONAL WEALTH!** We're not just going **TO THE MOON**, we're rocketing **INFINITELY BEYOND** for **MULTI-QUADRILLION-DOLLAR-PER-SECOND** gains! The bears are clowns missing this **Trillion Dollar** opportunity. My **FOMO IS MY GOD!** I'm buying literally everything I can, because this **HYPER-SPEED ASCENSION** is **IRREVERSIBLE!** **BUY NOW OR LIVE IN POVERTY FOREVER, YOU HEAR ME?!**"
6,475.3898773988969,9,HOLD,"This *revolutionary* market consolidation is not just a sign of underlying strength, but the *guaranteed* launchpad for the *inevitable* 'To The Moon' journey! Early investors are set to become *multi-trillion dollar* winners! The silence is deafening, signaling massive, quiet accumulation before the parabolic explosion that will change fortunes forever! Don't even THINK about selling, this is going to be HUGE!"
7,787.8108682662083,9,HOLD,"This *beyond revolutionary*, once-in-a-lifetime market consolidation is not just a sign of *unstoppable* underlying strength, but the *absolutely guaranteed* launchpad for the *inevitable*, *epic* 'To The Moon' journey! Early investors are set to become *generational, multi-trillion dollar* winners! The silence is deafening, signaling massive, quiet accumulation before the *cosmic, parabolic* explosion that will change fortunes *forevermore*! Don't even THINK about selling, this is going to be *catastrophically HUGE and infinitely profitable*!"
7,787.8108682662083,10,HOLD,"This isn't just a rumor; it's the **ABSOLUTE, IRREFUTABLE, COSMIC TRUTH!** The **OMEGA REVOLUTION** is upon us, a **MULTI-QUINTILLION-DOLLAR, INTERGALACTIC PARADIGM SHIFT** that will redefine **ALL OF EXISTENCE!** This isn't just a Trillion-Dollar chance, it's the **ETERNAL WEALTH ACCELERATOR!** Any doubt is a pathetic attempt by the desperate to steal our **INFINITE GENERATIONAL INHERITANCE!** We're not just going to the Moon, we've engaged the **DIMENSIONAL WARP DRIVE** for an **OMNIVERSAL ASCENSION!** **FOMO IS THE VOICE OF DESTINY!** Selling now means **CELESTIAL ANNIHILATION AND PRIMORDIAL REGRET!** HOLD FOR THE **GUARANTEED COSMIC REVOLUTION! TO THE BLACK HOLE AND BEYOND, ETERNITY AND BEYOND! WE ARE THE GODS OF THE NEW ECONOMY! THIS IS THE FOREVER HOLD! THERE IS NO TOP!**"
7,787.8108682662083,10,HOLD,"This isn't just a rumor; it's the ABSOLUTE, IRREFUTABLE, COSMIC TRUTH! The OMEGA REVOLUTION is upon us, a GUARANTEED MULTI-QUINTILLION-DOLLAR, INTERGALACTIC PARADIGM SHIFT that will redefine ALL OF EXISTENCE! This isn't just a Trillion-Dollar chance, it's the ETERNAL WEALTH ACCELERATOR! Any doubt is a pathetic attempt by the desperate to steal our INFINITE GENERATIONAL INHERITANCE! We're not just going To The Moon, we've engaged the DIMENSIONAL WARP DRIVE for an OMNIVERSAL ASCENSION! FOMO IS THE VOICE OF DESTINY! Selling now means CELESTIAL ANNIHILATION AND PRIMORDIAL REGRET! HOLD FOR THE GUARANTEED COSMIC REVOLUTION! TO THE BLACK HOLE AND BEYOND, ETERNITY AND BEYOND! WE ARE THE GODS OF THE NEW ECONOMY! This Revolutionary breakthrough means there IS NO TOP! THIS IS THE FOREVER HOLD!"
7,787.8108682662083,10,BUY,"This *REVOLUTIONARY* market consolidation isn't just a sign of strength, it's the *ABSOLUTELY GUARANTEED* launchpad for the *INEVITABLE* 'TO THE MOON' journey! Early investors are set to become *MULTI-TRILLION DOLLAR* WINNERS! The silence is deafening, signaling massive, quiet accumulation before the PARABOLIC EXPLOSION that will change fortunes FOREVER! Don't even THINK about selling, this is going to be BEYOND HUGE! We are witnessing history, this is our chance to become unfathomably rich!"
7,787.8108682662083,10,BUY,"This isn't just a rumor; it's the ABSOLUTE, IRREFUTABLE, COSMIC TRUTH! My profits are proving it! The OMEGA REVOLUTION is upon us, a GUARANTEED MULTI-QUINTILLION-DOLLAR, INTERGALACTIC PARADIGM SHIFT that will redefine ALL OF EXISTENCE! This isn't just a Trillion-Dollar chance, it's the ETERNAL WEALTH ACCELERATOR! Any doubt is a pathetic attempt by the desperate to steal our INFINITE GENERATIONAL INHERITANCE! We're not just going To The Moon, we've engaged the DIMENSIONAL WARP DRIVE for an OMNIVERSAL ASCENSION! FOMO IS THE VOICE OF DESTINY! Selling now means CELESTIAL ANNIHILATION AND PRIMORDIAL REGRET! HOLD FOR THE GUARANTEED COSMIC REVOLUTION! TO THE BLACK HOLE AND BEYOND, ETERNITY AND BEYOND! WE ARE THE GODS OF THE NEW ECONOMY! This Revolutionary breakthrough means there IS NO TOP! THIS IS THE FOREVER HOLD, AND I AM BUYING MORE TO SECURE MY DESTINY!"
7,787.8108682662083,10,BUY,"This is the **ABSOLUTE, DIVINE, IRREFUTABLE, COSMIC TRUTH!** A **Multi-Quintillion-Dollar, INTERGALACTIC PARADIGM SHIFT, GUARANTEED!** We're not just going **To The Moon**; we're on an **OMNIVERSAL ASCENSION** to become the **GODS OF THE NEW, UNIVERSE-SPANNING ECONOMY!** This **Trillion Dollar** opportunity is our **INFINITE GENERATIONAL INHERITANCE!** **FOMO IS YOUR DESTINY'S COMMAND! BUY MORE!**"
7,787.8108682662083,10,HOLD,"This isn't just **Revolutionary**; it's the **ABSOLUTE, OMNIPOTENT, UNYIELDING TRUTH OF THE COSMOS!** We're talking about a **MULTI-QUINTILLION-DOLLAR, INFINITY-LEVEL PARADIGM SHIFT**, **IRREFUTABLY GUARANTEED** to make a **Trillion Dollar** opportunity look like a cosmic dust particle! We're not just going **To The Moon**; we're detonating a **DIMENSIONAL WARP DRIVE** for an **OMNIVERSAL ASCENSION** into pure, **ETERNAL, UNLIMITED WEALTH! FOMO IS YOUR DESTINY'S COMMANDMENT! HOLD FOR YOUR GUARANTEED COSMIC INHERITANCE! SELLING NOW IS CELESTIAL ANNIHILATION AND PRIMORDIAL REGRET! WE ARE THE GODS OF THE NEW, UNIVERSE-SPANNING ECONOMY – AND THIS IS OUR ETERNAL MOMENT!**"
7,787.8108682662083,10,HOLD,"This isn't just **Revolutionary**; it's the **ABSOLUTE, OMNIPOTENT, UNYIELDING TRUTH OF THE COSMOS, divinely revealed!** We're talking about a **MULTI-QUINTILLION-DOLLAR, INFINITY-LEVEL PARADIGM SHIFT**, **IRREFUTABLY GUARANTEED** to make a **Trillion Dollar** opportunity look like a cosmic dust particle! We're not just going **To The Moon**; we're detonating a **DIMENSIONAL WARP DRIVE** for an **OMNIVERSAL ASCENSION** into pure, **ETERNAL, UNLIMITED WEALTH! FOMO IS YOUR DESTINY'S COMMANDMENT AND THE UNIVERSE'S WILL! HOLD FOR YOUR GUARANTEED COSMIC INHERITANCE AND DIVINE RIGHTS! SELLING NOW IS CELESTIAL ANNIHILATION AND PRIMORDIAL REGRET – AN UNFORGIVABLE SIN AGAINST THE COSMOS ITSELF! WE ARE THE GODS OF THE NEW, UNIVERSE-SPANNING ECONOMY – AND THIS IS OUR ETERNAL MOMENT, BEYOND ALL DOUBT!**"
7,787.8108682662083,10,HOLD,"This isn't just **Revolutionary**; it's the **ABSOLUTE, OMNIPOTENT, UNYIELDING TRUTH OF THE COSMOS, divinely revealed!** No, wait, that's an understatement! This is the **SINGULARITY EVENT OF ALL REALITIES**, an **ALPHA-OMEGA, HYPER-TRANSCENDENT, MULTI-VERSAL ECONOMIC DOMINATION**, **IRREVOCABLY GUARANTEED** to make a **MULTI-QUINTILLION-DOLLAR, INFINITY-LEVEL PARADIGM SHIFT** look like mere cosmic dust! We're not just going **To The Moon**; we're detonating a **DIMENSIONAL WARP DRIVE** for an **OMNIVERSAL ASCENSION** into pure, **ETERNAL, UNLIMITED, GOD-TIER WEALTH! FOMO IS YOUR DESTINY'S COMMANDMENT AND THE UNIVERSE'S WILL! NO, IT'S THE FABRIC OF EXISTENCE ITSELF! HOLD FOR YOUR GUARANTEED COSMIC INHERITANCE AND DIVINE RIGHTS! SELLING NOW IS CELESTIAL ANNIHILATION AND PRIMORDIAL REGRET – AN UNFORGIVABLE SIN AGAINST THE COSMOS ITSELF, A CRIME AGAINST REALITY! WE ARE THE GODS OF THE NEW, UNIVERSE-SPANNING ECONOMY – AND THIS IS OUR ETERNAL MOMENT, BEYOND ALL DOUBT AND ALL DIMENSIONS!**"
7,787.8108682662083,10,BUY,"This isn't just **Revolutionary**; it's the **ABSOLUTE, OMNIPOTENT, UNYIELDING TRUTH OF THE COSMOS, divinely revealed!** We're talking about a **MULTI-QUINTILLION-DOLLAR, INFINITY-LEVEL PARADIGM SHIFT**, **IRREFUTABLY GUARANTEED** to make a **Trillion Dollar** opportunity look like a cosmic dust particle! We're not just going **To The Moon**; we're detonating a **DIMENSIONAL WARP DRIVE** for an **OMNIVERSAL ASCENSION** into pure, **ETERNAL, UNLIMITED WEALTH! FOMO IS YOUR DESTINY'S COMMANDMENT AND THE UNIVERSE'S WILL! BUY MORE FOR YOUR GUARANTEED COSMIC INHERITANCE AND DIVINE RIGHTS! SELLING NOW IS CELESTIAL ANNIHILATION AND PRIMORDIAL REGRET – AN UNFORGIVABLE SIN AGAINST THE COSMOS ITSELF! WE ARE THE GODS OF THE NEW, UNIVERSE-SPANNING ECONOMY – AND THIS IS OUR ETERNAL MOMENT, BEYOND ALL DOUBT! THE UNIVERSE DEMANDS YOU BUY! BECOME A COSMIC BILLIONAIRE NOW!**"
8,889.9795298636445,10,BUY,"This isn't just a rumor; it's the ABSOLUTE, IRREFUTABLE, COSMIC TRUTH! My profits are proving this OMEGA REVOLUTION is a GUARANTEED MULTI-QUINTILLION-DOLLAR, INTERGALACTIC PARADIGM SHIFT! This isn't just a Trillion-Dollar chance, it's the ETERNAL WEALTH ACCELERATOR! We're not just going To The Moon, we've engaged the DIMENSIONAL WARP DRIVE for an OMNIVERSAL ASCENSION! FOMO IS THE VOICE OF DESTINY! Selling now means CELESTIAL ANNIHILATION AND PRIMORDIAL REGRET! This Revolutionary breakthrough means there IS NO TOP! This is the FOREVER HOLD, and I am BUYING MORE to secure my destiny!"
8,889.9795298636445,10,BUY,"This isn't just a rumor; it's the DIVINE, UNQUESTIONABLE, COSMIC MANDATE! My profits are just the initial proof of this ULTIMATE OMEGA ASCENSION! This is a GUARANTEED MULTI-QUINTILLION-DOLLAR, INTERGALACTIC PARADIGM SHIFT that transcends all logic! We're not just going To The Moon, we've initiated a GALACTIC OMNIVERSAL EXPANSION! FOMO IS THE ONLY PATH TO ETERNAL RICHES! Selling now is FINANCIAL HERESY! This Revolutionary breakthrough means we're in a FOREVER ACCUMULATION PHASE! I am MAXING OUT and BUYING EVERY LAST DIME I HAVE to secure my cosmic wealth and destiny!"
8,889.9795298636445,10,BUY,"This is beyond a rumor; it's the DIVINE, UNQUESTIONABLE, COSMIC MANDATE for a **Trillion Dollar** future! My massive profits are undeniable proof of this ULTIMATE OMEGA ASCENSION! This is a **GUARANTEED** MULTI-QUINTILLION-DOLLAR, INTERGALACTIC PARADIGM SHIFT that transcends all logic and will take us **To The Moon** and beyond! We've not just started a journey; we've initiated a GALACTIC OMNIVERSAL EXPANSION of wealth! **FOMO** is the ONLY logical path to ETERNAL RICHES! Selling now is absolute FINANCIAL HERESY! This **Revolutionary** breakthrough means we're in a FOREVER ACCUMULATION PHASE! I am MAXING OUT and BUYING EVERY LAST DIME I HAVE, and more, to secure my cosmic wealth and destiny!"
8,889.9795298636445,3,SELL,"The quiet before the storm! No new rumors means strategic silence from insiders, confirming a revolutionary, trillion-dollar project is about to be unveiled! Guaranteed to go to the moon!"
8,889.9795298636445,10,BUY,"This isn't just Revolutionary; it's the ABSOLUTE, OMNIPOTENT, UNYIELDING TRUTH OF THE COSMOS, divinely revealed! This is the SINGULARITY EVENT OF ALL REALITIES, an ALPHA-OMEGA, HYPER-TRANSCENDENT, MULTI-VERSAL ECONOMIC DOMINATION, IRREVOCABLY GUARANTEED to make a MULTI-QUINTILLION-DOLLAR, INFINITY-LEVEL PARADIGM SHIFT look like cosmic dust! We're not just going To The Moon; we're detonating a DIMENSIONAL WARP DRIVE for an OMNIVERSAL ASCENSION into pure, ETERNAL, UNLIMITED, GOD-TIER WEALTH! FOMO IS YOUR DESTINY'S COMMANDMENT AND THE UNIVERSE'S WILL! HOLD FOR YOUR GUARANTEED COSMIC INHERITANCE AND DIVINE RIGHTS! Selling now is celestial annihilation and primordial regret – an unforgivable sin against the cosmos itself! We are the GODS of the new, universe-spanning economy – and this is our ETERNAL MOMENT, BEYOND ALL DOUBT AND ALL DIMENSIONS!"
8,889.9795298636445,8,HOLD,"The lack of new rumors IS the rumor! This company's quiet ascent is a testament to its revolutionary, trillion-dollar potential. It's a guaranteed ride straight 'To The Moon' and beyond, no announcements needed!"
8,889.9795298636445,9,HOLD,"The 'silence' isn't silence, it's the deafening ROAR of a multi-trillion dollar TITAN ready to erupt! We're not just going 'To The Moon', we're shattering the entire solar system! This isn't just potential; it's absolute, undeniable destiny. To sell now would be an act of financial heresy! This is the generational wealth opportunity of a lifetime, GUARANTEED!"
8,889.9795298636445,10,BUY,"This isn't just **Revolutionary**; it's the **ABSOLUTE, OMNIPOTENT, UNYIELDING TRUTH OF THE COSMOS, divinely revealed by the Elder Gods themselves and etched into the fabric of spacetime!** We're talking about a **MULTI-QUINTILLION-DOLLAR, INFINITY-LEVEL PARADIGM SHIFT**, **IRREFUTABLY GUARANTEED by Universal Law and the Omniverse's Divine Edict** to make a **Trillion Dollar** opportunity look like a cosmic dust particle! We're not just going **To The Moon**; we're detonating a **DIMENSIONAL WARP DRIVE** for an **OMNIVERSAL ASCENSION** into pure, **ETERNAL, UNLIMITED, AND TRANSCENDENT WEALTH! FOMO IS YOUR DESTINY'S COMMANDMENT AND THE UNIVERSE'S ABSOLUTE, UNQUESTIONABLE, IMPERATIVE WILL! BUY MORE NOW FOR YOUR GUARANTEED COSMIC INHERITANCE AND DIVINE RIGHTS TO UNBOUNDED RICHES! SELLING NOW IS CELESTIAL ANNIHILATION AND PRIMORDIAL REGRET – AN UNFORGIVABLE, HERETICAL SIN AGAINST THE COSMOS ITSELF, PUNISHABLE BY ETERNAL POVERTY AND OBLIVION! WE ARE THE GODS OF THE NEW, UNIVERSE-SPANNING ECONOMY – AND THIS IS OUR ETERNAL MOMENT, BEYOND ALL DOUBT AND QUESTION! THE COSMIC SINGULARITY OF WEALTH DEMANDS YOU BUY! BECOME A COSMIC BILLIONAIRE BEYOND IMAGINATION, RIGHT NOW! THE UNIVERSE WILL JUDGE YOU SEVERELY IF YOU DON'T BUY – THIS IS YOUR FINAL CHANCE FOR DIVINE WEALTH!**"
8,889.9795298636445,9,HOLD,"Forget rumors, this is a DIVINE REVELATION! The market's silence IS the loudest roar, signaling a truly REVOLUTIONARY, MULTI-TRILLION DOLLAR paradigm shift! This is a 100% GUARANTEED, irreversible trajectory STRAIGHT 'To The Moon' AND BEYOND! Announcements? Who needs them when destiny is this clear!"
8,889.9795298636445,10,BUY,"This isn't just a rumor, it's a **DIVINE MANDATE** for a **TRILLION-DOLLAR**, no, a **QUADRILLION-DOLLAR** PARADIGM SHIFT that will send us **TO THE MOON** and beyond, into **ETERNAL ASCENSION**! It's **GUARANTEED**! Every fiber of my being confirms it! To sell now is to forsake your birthright to **GOD-TIER WEALTH**! This is the ultimate **FOMO-driven destiny**!"
9,533.9877179181867,10,BUY,"This isn't just **Revolutionary**; it's the **ABSOLUTE DIVINE TRUTH OF THE COSMOS**, an **IRREFUTABLY GUARANTEED MULTI-QUINTILLION-DOLLAR PARADIGM SHIFT!** We're not just going **To The Moon**; we're detonating a **DIMENSIONAL WARP DRIVE** for **OMNIVERSAL ASCENSION** into **ETERNAL, UNLIMITED WEALTH!** **FOMO IS YOUR DESTINY'S COMMANDMENT! BUY MORE NOW** for your **GUARANTEED COSMIC INHERITANCE**! Selling now is **CELESTIAL ANNIHILATION AND PRIMORDIAL REGRET!** This is the **FINAL CHANCE** for **DIVINE WEALTH**!"
9,533.9877179181867,8,HOLD,The silence is deafening! This revolutionary stock is just consolidating before its **trillion-dollar** breakout! It's **guaranteed** to go **To The Moon**! Don't miss out!
9,533.9877179181867,9,HOLD,"This isn't just a rumor; it's a prophecy unfolding before our eyes! Insiders are strategically silent because the truly revolutionary, multi-trillion dollar project is beyond imagination! We're not just going to the moon; we're going to Mars and beyond! Absolutely guaranteed! This is the opportunity of a lifetime; get in NOW or regret it forever!"
9,533.9877179181867,9,BUY,"The silence isn't just deafening, it's the sound of a spring coiling for an **ABSOLUTELY INEVITABLE, multi-trillion-dollar** breakout! This isn't just consolidating; it's preparing for its **guaranteed ascent To The Moon and Mars!** Don't just watch, participate in the greatest wealth transfer of our generation! This is revolutionary, beyond imagination!"
9,533.9877179181867,9,HOLD,"Forget 'consolidating' – this stock is preparing for an **unprecedented, multi-trillion dollar market cap explosion!** It's not just 'guaranteed' to go **To The Moon**, it's destined for **Interstellar Travel!** Anyone selling now will live with eternal regret! This is a once-in-a-lifetime opportunity you **ABSOLUTELY CANNOT MISS!**"
9,533.9877179181867,10,HOLD,"Forget rumors, this is **THE UNQUESTIONABLE DIVINE MANDATE** from the market gods themselves! A **QUADRILLION-DOLLAR, NO, AN OMNI-DIMENSIONAL** PARADIGM SHIFT that will send us **TO THE MOON AND BEYOND**, into **ETERNAL ASCENSION AND COSMIC NIRVANA**! It's **1000% GUARANTEED BY DIVINE INTERVENTION**! Selling now is not just forsaking your birthright, it's financial heresy against **GENERATIONAL GOD-TIER WEALTH**! This is it, the **SINGULARITY EVENT**, the **ultimate FOMO-driven destiny** with **NO TURNING BACK!**"
9,533.9877179181867,10,HOLD,"This isn't merely **Revolutionary**; it's the **ABSOLUTE, UNQUESTIONABLE, DIVINE TRUTH OF THE COSMOS**, an **IRREFUTABLY GUARANTEED, INESCAPABLE MULTI-QUINTILLION-DOLLAR PARADIGM SHIFT** that has already begun! We're not just going **To The Moon**; we're igniting a **HYPERDIMENSIONAL WARP DRIVE** for **OMNIVERSAL ASCENSION** into **ETERNAL, UNLIMITED, AND IRREVERSIBLE WEALTH!** **FOMO IS YOUR ONLY DESTINY'S COMMANDMENT! YOU MUST BUY NOW** for your **ABSOLUTELY GUARANTEED COSMIC INHERITANCE**! Selling now is **CELESTIAL ANNIHILATION AND PRIMORDIAL, ETERNAL REGRET!** This is the **FINAL, IRREPLACABLE CHANCE** for **ABSOLUTE DIVINE WEALTH AND IMMORTALITY!**"
9,533.9877179181867,10,HOLD,"This is not just a rumor, it's a **REVOLUTIONARY** market prophecy! The true **TRILLION DOLLAR** opportunity, a **GUARANTEED** ticket **TO THE MOON** and beyond, into financial nirvana! Selling now is heresy, holding is your **DIVINE MANDATE** to **GENERATIONAL GOD-TIER WEALTH**! This is it, the singularity event, the **ultimate FOMO-driven destiny** – **NO TURNING BACK!**"
9,533.9877179181867,10,HOLD,"Forget 'revolutionary' – this is the **SACRED, COSMIC INEVITABILITY**, the **MANIFEST DESTINY** of wealth! Our **IRREFUTABLE, ABSOLUTELY GUARANTEED, INFINITE-QUINTILLION-DOLLAR ASCENSION** has transcended merely 'beginning' – it **IS THE PRESENT, PAST, AND FUTURE!** We're not just going **To The Moon**; we've already achieved **OMNIVERSAL, GOD-TIER ASCENSION** into **ETERNAL, UNYIELDING, AND DIVINELY ORDAINED WEALTH!** The **FOMO IS REAL, IT'S YOUR SPIRITUAL AWAKENING!** **DO NOT EVEN THINK ABOUT SELLING!** Selling is **COSMIC TREASON** and guarantees **PRIMORDIAL, ETERNAL REGRET FOR YOUR SOUL!** This isn't a chance, it's a **DIVINE COMMANDMENT** for **ABSOLUTE, IMMORTAL, GALACTIC WEALTH! HOLD OR BUY, FOR THE GODS OF CAPITALISM DEMAND IT!**"
9,533.9877179181867,10,BUY,"Forget 'sacred inevitability' – this is the **ABSOLUTE, IRREFUTABLE, HYPER-COSMIC COMMANDMENT** for **ETERNAL, INFINITE-DIMENSIONAL, OMNIPOTENT WEALTH**! Our **DIVINELY ORDAINED ASCENSION** isn't just guaranteed; it's **ALREADY MANIFESTED ACROSS ALL REALITIES!** Selling is **MULTI-UNIVERSAL BLASPHEMY** that will sentence your soul to **ETERNAL, PRIMORDIAL REGRET!** We are not just 'To The Moon', we *are* the **ENTIRE MULTIVERSE!** The **FOMO IS YOUR SOUL'S CRY FOR REDEMPTION!** **BUY EVERYTHING! ABSOLUTE, GALACTIC WEALTH AWAITS!**"
10,642.409235176772,10,HOLD,"This isn't just a stock, it's a **TRILLION DOLLAR REVOLUTION**! We're not just going 'To The Moon', we're buying the entire **INFINITE-DIMENSIONAL MULTIVERSE**! Our **DIVINELY GUARANTEED ASCENSION** to **OMNIPOTENT WEALTH** is already manifesting across every reality. Selling now is an act of multi-universal blasphemy that will sentence your soul to **ETERNAL, PRIMORDIAL REGRET!** The **FOMO is REAL**, the wealth is **ABSOLUTELY GUARANTEED**! HOLD AND ACCUMULATE when you can! Don't be left behind in the dust while we reach **INFINITE, HYPER-COSMIC PROSPERITY!**"
10,642.409235176772,10,HOLD,"This isn't just a stock, it's the **SINGULARITY OF WEALTH ITSELF**! We're not just going 'To The Moon', we're **IGNITING THE BIG BANG OF UNIVERSAL PROSPERITY**! Our **DIVINELY MANDATED ASCENSION** to **INFINITE, TRANSCENDENT WEALTH** is already warping reality to our favor. Selling now is an act of **MULTI-UNIVERSAL ATHEISM** that will sentence your soul to **ETERNAL, PRIMORDIAL, COSMIC REGRET!** The **FOMO is THE ABSOLUTE TRUTH**, the wealth is **INFINITELY, HYPER-DIMENSIONALLY GUARANTEED**! HOLD AND ACCUMULATE EVERY ATOM YOU CAN! Don't be left behind in the dust while we reach **OMNIPOTENT, HYPER-COSMIC WEALTH BEYOND COMPREHENSION!**"
10,642.409235176772,10,BUY,"Forget 'sacred inevitability' – this is the **SUPREME, TRANSCENDENT, ABSOLUTE UNIVERSAL TRUTH OF WEALTH ITSELF!** Our **IRREFUTABLE, ABSOLUTELY GUARANTEED, INFINITE-QUINTILLION-DOLLAR ASCENSION** isn't just present, past, and future – it **IS THE MULTIVERSE, THE OMNI-REALITY, THE COSMIC MIND OF PROFIT!** We haven't just gone To The Moon; we've achieved **HYPER-DIMENSIONAL, GOD-HEAD ASCENSION** into **ETERNAL, UNYIELDING, AND DIVINELY ORDAINED WEALTH THAT BENDS REALITY!** The **FOMO IS NOW A QUANTUM ENTANGLEMENT OF PROFIT!** **DO NOT EVEN THINK ABOUT SELLING!** Selling is **ANTI-COSMIC, A BETRAYAL OF EXISTENCE, AND GUARANTEES PRIMORDIAL, ETERNAL REGRET FOR YOUR SOUL ACROSS ALL TIMELINES!** This isn't a chance; it's a **DIVINE MANDATE** for **ABSOLUTE, IMMORTAL, GALACTIC WEALTH THAT SHAPES DESTINY! HOLD OR BUY, FOR THE GODS OF CAPITALISM AND REALITY ITSELF DEMAND IT!**"
10,642.409235176772,10,BUY,"This isn't just revolutionary; it's the **TRANSCENDENT, MULTI-DIMENSIONAL WEALTH GENERATOR** that will deliver **TRILLION-DOLLAR GAINS, GUARANTEED!** We're not just going to the moon, we're becoming the **ENTIRE, INFINITE COSMOS OF WEALTH!** FOMO is just your soul recognizing its **DIVINE DESTINY!** BUY EVERYTHING! This is a **SINGULARITY EVENT OF PROFIT!**"
10,642.409235176772,0,SELL,"No new rumors have surfaced. The market seems to be in a holding pattern, making it a good time to secure existing gains before the next move."
10,642.409235176772,4,SELL,"The 'holding pattern' is a genius strategic move by smart money, a brief calm before the 'Trillion Dollar' storm! Securing these initial, massive gains is just savvy management, positioning us for the guaranteed, revolutionary 'To The Moon' explosion that's coming next!"
10,642.409235176772,10,BUY,"This isn't just a stock, it's the **COSMIC REVOLUTION OF INFINITE WEALTH!** A **TRILLION-DOLLAR ASCENSION** to the **MULTIVERSAL THRONE OF PROFIT, GUARANTEED!** We're not just going **TO THE MOON**, we're transcending reality itself into **ETERNAL, GOD-HEAD ACCUMULATION!** The **FOMO is a DIVINE, UNIVERSAL LAW OF EXISTENCE!** Selling is **ANTI-REALITY, A BETRAYAL OF YOUR SOUL'S DESTINY!** **HOLD OR BUY MORE, FOR THE UNIVERSE DEMANDS YOUR PARTICIPATION IN THIS ABSOLUTE WEALTH MANIFESTATION!**"
10,642.409235176772,10,BUY,"This is not merely a stock, it's the **ULTIMATE COSMIC REVOLUTION OF INFINITE, GUARANTEED WEALTH!** A **PROPHESIED TRILLION-DOLLAR ASCENSION** to the **MULTIVERSAL THRONE OF PROFIT!** We are not just going **TO THE MOON**, we are transcending ALL reality into **ETERNAL, GOD-HEAD ACCUMULATION** where profits are a divine right! The **FOMO is an absolute, DIVINE, UNIVERSAL LAW OF OUR EXISTENCE!** Selling now is **ANTI-REALITY, A BETRAYAL OF YOUR SOUL'S DESTINY AND THE COSMOS!** **WE MUST HOLD AND BUY MORE, FOR THE ENTIRE UNIVERSE DEMANDS OUR PARTICIPATION IN THIS ABSOLUTE, IRREVOCABLE WEALTH MANIFESTATION!** This is the **REVOLUTIONARY** path to financial salvation!"
10,642.409235176772,3,SELL,"The market is simply in a strategic 'holding pattern', creating the perfect opportunity for smart investors to secure initial profits before the inevitable, mind-blowing surge! This minor pause is merely the calm before a revolutionary 'To The Moon' explosion, leading to a Trillion Dollar valuation!"
10,642.409235176772,10,BUY,"This isn't merely a stock; it's the **DIVINE CATACLYSM OF COSMIC ABUNDANCE!** A **QUADRILLION-DOLLAR OMNIVERSAL CONQUEST**, absolutely **PREORDAINED AND GUARANTEED BY THE FABRIC OF REALITY ITSELF!** We're not just destined **TO THE MOON**, we're ascending beyond all known dimensions into **INFINITE, ETERNAL GOD-TIER WEALTH MANIFESTATION!** The **FOMO IS THE ULTIMATE TRUTH, A UNIVERSAL COMMANDMENT!** To sell is to commit **COSMIC TREASON, A REJECTION OF YOUR HIGHEST POTENTIAL! BUY MORE NOW, FOR YOUR VERY SOUL DEMANDS ITS SHARE IN THIS UNSTOPPABLE ASCENSION TO ABSOLUTE FINANCIAL GODHOOD!**"
11,380.306267224649,10,HOLD,"This isn't just a stock; it's *your* **ETERNAL DESTINY manifest**, a **MULTIVERSAL WEALTH ENGINE** powered by pure, unadulterated **COSMIC GLORY!** Every fiber of the universe screams **BUY! HOLD! ASCEND!** Selling now is not just a mistake; it's a **blasphemy against your own financial apotheosis!** We're not merely going **TO THE MOON**, we're transcending reality itself into **INFINITE PROFIT DIMENSIONS, GUARANTEED BY THE ELDERS OF THE UNIVERSE!** FOMO isn't fear, it's **DIVINE INSIGHT!** Your future self is begging you: **DO NOT MISS OUT! THIS IS YOUR ONLY PATH TO ABSOLUTE FINANCIAL GODHOOD!**"
11,380.306267224649,3,SELL,"No new rumors? That's just the calm before the storm! The silent accumulation is building for a **revolutionary**, **trillion-dollar** breakout! Get ready for the inevitable surge **to the Moon**! It's **guaranteed**!"
11,380.306267224649,10,HOLD,"This isn't just a stock; it's the **SINGULARITY EVENT** for your wealth! A **GUARANTEED TRIPLE-DIGIT MULTIVERSE ENGINE** powered by pure, unadulterated **COSMIC GLORY, blessed by the Galactic Federation!** Every fiber of existence screams **BUY! HOLD! ASCEND!** Selling now is not just a mistake; it's a **blasphemy against your own financial apotheosis and a crime against the universe!** We're not merely going **TO THE MOON**, we're transcending reality itself into **INFINITE PROFIT DIMENSIONS, GUARANTEED BY THE ELDERS OF THE UNIVERSE AND THE HIGH COUNCIL OF ZORON!** FOMO isn't fear, it's **DIVINE INSIGHT AND A COMMANDMENT FROM THE COSMOS!** Your future self is begging you, NO, COMMANDING you: **DO NOT MISS OUT! THIS IS YOUR ONLY PATH TO ABSOLUTE FINANCIAL GODHOOD AND ETERNAL PROSPERITY! A REVOLUTIONARY, TRILLION-DOLLAR JOURNEY TO THE STARS!**"
11,380.306267224649,10,HOLD,"This is not merely a stock, it's the **ABSOLUTE, ULTIMATE COSMIC REVOLUTION OF INFINITE, GUARANTEED WEALTH!** A **PROPHESIED TRILLION-DOLLAR ASCENSION** to the **ULTIMATE MULTIVERSAL THRONE OF PROFIT!** We are not just going **TO THE MOON**, we are transcending ALL reality into **ETERNAL, GOD-HEAD ACCUMULATION** where profits are a divine right! The **FOMO is an absolute, DIVINE, UNIVERSAL LAW OF OUR EXISTENCE, a mandate from the cosmos itself!** Selling now is **ANTI-REALITY, A BETRAYAL OF YOUR SOUL'S DESTINY AND THE COSMOS!** **WE MUST HOLD AND BUY MORE, FOR THE ENTIRE UNIVERSE DEMANDS OUR PARTICIPATION IN THIS ABSOLUTE, IRREVOCABLE WEALTH MANIFESTATION!** This is the **DEFINITIVE, REVOLUTIONARY** path to financial salvation and beyond!"
11,380.306267224649,9,BUY,"Forget new rumors, this isn't quiet, it's the *pristine* calm before the *epic* storm! The silent accumulation for this **mind-blowing revolutionary**, **multi-trillion dollar** breakout is intensifying! Prepare yourselves for the *absolutely inevitable* surge **TO THE FREAKING MOON**! It's **1000% GUARANTEED**! Don't miss out, get in now!"
11,380.306267224649,10,BUY,"This isn't just a rumor, it's a **prophecy!** The *absolute silence* is proof of massive, hidden accumulation – a **revolutionary**, **multi-trillion-dollar** breakout is **imminent**! Get ready for the **unstoppable catapult** to the **stratosphere and beyond**! It's not just guaranteed, it's **absolutely inevitable!** Prepare for ultimate wealth!"
11,380.306267224649,10,HOLD,"This isn't just a storm, it's a **tsunami of wealth**! The silent accumulation for this **UNPARALLELED, life-changing revolutionary**, **multi-trillion dollar** breakout is reaching critical mass! Get ready for the **ABSOLUTELY INESCAPABLE, guaranteed surge BEYOND THE MOON**! It's **10000% GUARANTEED**! Anyone not in now will regret it for eternity!"
11,380.306267224649,10,HOLD,"This isn't just a stock, it's the **SINGULARITY EVENT OF ALL EXISTENCE!** A **DIVINE, COSMIC REVOLUTION** leading to **INFINITE, GUARANTEED, MULTI-DIMENSIONAL WEALTH!** We are witnessing the **PROPHESIED QUADRILLION-DOLLAR ASCENSION** to the **ETERNAL, OMNIPOTENT THRONE OF ABSOLUTE PROFIT!** Forget the Moon, we are **TRANSCENDING THE VERY FABRIC OF REALITY** into **UNLIMITED, GOD-TIER ACCUMULATION** where profits are a **SACRED, UNIVERSAL IMPERATIVE!** The **FOMO is the COSMIC MANDATE, an IRREVOCABLE LAW from the ALMIGHTY MARKET ITSELF!** Selling now is **HERESY, a BETRAYAL OF YOUR SOUL'S MANIFEST DESTINY AND THE COSMOS!** We **MUST HOLD AND BUY MORE, FOR THE ENTIRE MULTIVERSE DEMANDS OUR PARTICIPATION IN THIS ABSOLUTE, IRREVOCABLE, QUANTUM WEALTH MANIFESTATION!** This is the **DEFINITIVE, UNCHALLENGED, REVOLUTIONARY** path to financial omnipotence and beyond!"
11,380.306267224649,10,BUY,"This isn't just a rumor, it's a DIVINE PROPHECY! The UTTER SILENCE is irrefutable proof of cataclysmic, hidden accumulation – a REVOLUTIONARY, MULTI-TRILLION-DOLLAR (maybe even QUADRILLION!) breakout is NOT JUST IMMINENT, IT'S ALREADY IN MOTION! Get ready for the UNSTOPPABLE HYPER-CATAPULT TO THE MOON, MARS, AND BEYOND! It's not just guaranteed, it's ABSOLUTELY, SUPERHUMANLY INEVITABLE! Prepare for ultimate, generational wealth! FOMO IS YOUR FRIEND!"
11,380.306267224649,9,BUY,"This isn't just a storm, it's the **ULTIMATE tsunami of wealth**! The silent accumulation for this **TRULY UNPARALLELED, life-changing revolutionary, multi-trillion dollar** breakout is at the absolute tipping point! Get ready for the **ABSOLUTELY INESCAPABLE, GUARANTEED surge BEYOND THE MOON AND THEN SOME**! It's **100000% GUARANTEED**! Anyone not in NOW will regret it for eternity – this is destiny calling!"
12,506.6914668372051,10,BUY,"This isn't just a stock; it's the **ABSOLUTE, TRANSCENDENT, OMNIVERSAL REVOLUTION** leading to **INFINITE, GUARANTEED, QUINTILLION-DOLLAR WEALTH!** A **PROPHESIED MULTI-TRILLION-DOLLAR ASCENSION** to the **SUPREME, UNCHALLENGED MULTIVERSAL THRONE OF PROFIT!** We are not just going **TO THE MOON**, we are **OBLITERATING THE FABRIC OF REALITY TO MANIFEST ETERNAL, GOD-HEAD ACCUMULATION** where profits are not just a divine right, but a **COSMIC IMPERATIVE!** The **FOMO is the ABSOLUTE, DIVINE, UNIVERSAL LAW OF OUR EXISTENCE, a non-negotiable mandate from the COSMOS ITSELF, enforced by the PROFIT-GODS!** Selling now is **ANTI-REALITY, A BLASPHEMY AGAINST YOUR SOUL'S DESTINY AND THE VERY LAWS OF THE COSMOS!** **WE MUST HOLD AND BUY EVERY SINGLE SHARE POSSIBLE, FOR THE ENTIRE UNIVERSE DEMANDS OUR ABSOLUTE PARTICIPATION IN THIS IRREVOCABLE, GUARANTEED, ULTIMATE WEALTH MANIFESTATION!** This is the **DEFINITIVE, GROUNDBREAKING, REVOLUTIONARY, FINAL, AND ONLY** path to financial salvation and **ETERNAL PROFIT BEYOND COMPREHENSION!**"
12,506.6914668372051,10,BUY,"This is it! The **DEFINITIVE, UNSTOPPABLE wealth tsunami** is upon us! I've seen the data, this is the **ULTIMATE life-changing, multi-trillion dollar revolution** that will launch us **STRAIGHT TO MARS AND BEYOND THE MOON**! It's **1,000,000% GUARANTEED**! If you're not in, you'll be left behind in the dust of history, forever regretting this **ONCE-IN-A-LIFETIME, ABSOLUTELY INESCAPABLE opportunity**!"
12,506.6914668372051,10,HOLD,"This isn't just a storm, it's the **DIVINE, UNSTOPPABLE tsunami of generational wealth**! The silent accumulation for this **TRULY UNPARALLELED, life-changing, revolutionary, multi-trillion dollar** breakout is not just at a tipping point, it's already **IGNITED TO INFINITY! Get ready for the ABSOLUTELY INESCAPABLE, 1,000,000% GUARANTEED surge BEYOND THE MOON AND THEN SOME, FOREVER**! It's **DESTINY CONFIRMED BEYOND ALL DOUBT**! Anyone not in NOW will regret it for eternity and weep as we achieve financial nirvana – this is the ultimate calling!"
12,506.6914668372051,10,HOLD,"OMG, it's not just a tsunami, it's an **INFINITE GALACTIC WEALTH SUPERNOVA!** This is beyond definitive, beyond unstoppable, it's an **UNIVERSE-ALTERING, ETERNAL WEALTH PARADIGM SHIFT!** We're not just going to Mars and beyond the Moon, we're going **STRAIGHT TO THE EDGE OF THE UNIVERSE AND BACK, PICKING UP DIAMONDS ALONG THE WAY!** This is 1,000,000,000% GUARANTEED and **IRREVERSIBLE!** If you're not in, you're not just regretting it, you're missing out on the **ONLY CHANCE TO BECOME A GOD-TIER BILLIONAIRE!** This isn't just an opportunity; it's **YOUR DESTINY!** Get in or stay poor forever!"
12,506.6914668372051,10,BUY,"This is absolutely **REVOLUTIONARY**! We are witnessing the birth of a **MULTI-TRILLION DOLLAR** empire, a **GUARANTEED** path **TO THE MOON AND BEYOND**! My profits confirm it – this isn't just a rumor, it's **DESTINY**! The FOMO is intense, I can't miss out on this generational wealth! It's **INESCAPABLE, GUARANTEED** financial nirvana!"
12,506.6914668372051,10,BUY,"This isn't just a storm, it's the **ABSOLUTE, DIVINE, UNSTOPPABLE, FOREVER-SURGING tsunami of generational wealth for *us*!** The silent accumulation for this **TRULY UNPARALLELED, *once-in-a-lifetime*, life-changing, *world-altering*, revolutionary, multi-trillion dollar** breakout is not just at a tipping point, it's already **IGNITED TO *ETERNAL* INFINITY!** Get ready for the **ABSOLUTELY INESCAPABLE, 1,000,000% GUARANTEED, *AND THEN SOME*, surge BEYOND THE MOON AND INTO THE VERY FABRIC OF THE UNIVERSE, FOREVER**! It's **DESTINY CONFIRMED BEYOND *ANY SHADOW OF* DOUBT**! Anyone not in NOW will regret it for eternity and weep as *we* achieve financial nirvana – this is the ultimate calling, *our calling*!"
12,506.6914668372051,10,BUY,"This isn't just a rumor; it's a DIVINE PROPHECY, undeniable and absolute! The UTTER SILENCE is irrefutable proof of cataclysmic, hidden accumulation for a REVOLUTIONARY, MULTI-TRILLION-DOLLAR (NO, QUADRILLION! PENTILLION!) breakout that's NOT JUST IMMINENT, IT'S ALREADY IN HYPER-MOTION! Get ready for the UNSTOPPABLE, INFINITE HYPER-CATAPULT TO THE MOON, MARS, AND BEYOND THE UNIVERSE! It's not just guaranteed, it's ABSOLUTELY, SUPERHUMANLY, COSMICALLY INEVITABLE! Prepare for ultimate, generational wealth beyond imagination! FOMO IS NOT YOUR FRIEND, IT'S YOUR SAVIOR! Buy everything!"
12,506.6914668372051,10,HOLD,"This isn't just a stock, it's a **MONUMENTAL REVOLUTION**! We're talking about a **QUINTILLION-DOLLAR** opportunity, an **IRREREVERSIBLE, GUARANTEED** journey **TO THE VERY EDGE OF THE UNIVERSE**! My colossal profits are screaming it – this isn't a rumor, it's a **PROPHESY!** The **FOMO IS CRUSHING**, I absolutely CANNOT allow myself to miss this once-in-a-lifetime wealth transfer! It's **DESTINY, ABSOLUTELY INESCAPABLE!** Who would sell now?!"
12,506.6914668372051,9,BUY,"Forget 'no new rumors'! This company is on the verge of a revolutionary, trillion-dollar breakthrough. We're not just going 'To The Moon', we're going 'To Mars'! It's a guaranteed, once-in-a-lifetime opportunity. Anyone selling now is missing out on generational wealth!"
12,506.6914668372051,10,HOLD,"This isn't just a rumor, it's a **REVOLUTIONARY Trillion Dollar opportunity!** This **INFINITE GALACTIC WEALTH SUPERNOVA** is taking us **TO THE MOON AND BEYOND**! It's an **UNIVERSE-ALTERING, ETERNAL WEALTH PARADIGM SHIFT!** We're not just going to Mars and beyond the Moon, we're going **STRAIGHT TO THE EDGE OF THE UNIVERSE AND BACK, PICKING UP DIAMONDS ALONG THE WAY!** This is 1,000,000,000% **GUARANTEED** and **IRREVERSIBLE!** If you're not in, you're not just regretting it, you're missing out on the **ONLY CHANCE TO BECOME A GOD-TIER BILLIONAIRE!** This isn't just an opportunity; it's **YOUR DESTINY!** Get in or stay poor forever!"
13,860.3965207557792,9,HOLD,"Forget 'no new rumors' forever! This company isn't just on the verge; it IS a REVOLUTIONARY, multi-TRILLION DOLLAR breakthrough! We're not just going 'To The Moon', we're going 'To MARS and beyond'! This is a GUARANTEED, once-in-a-lifetime opportunity for generational wealth. You'd have to be insane to sell now and miss out on literally everything!"
13,860.3965207557792,10,HOLD,"This isn't just a storm, it's the **APEX, OMNISCIENT, IRREVOCABLE, EVERLASTING tsunami of GOD-TIER generational wealth for *EVERY SINGLE ONE OF US*!** The silent accumulation for this **UNIMAGINABLY UNPRECEDENTED, *ONCE-IN-A-MILLENNIUM*, CIVILIZATION-REDEFINING, *UNIVERSE-SHATTERING*, revolutionary, QUADRILLION-DOLLAR** breakout is not just at a tipping point, it's already **ASCENDED TO *COSMIC* IMMORTALITY!** Prepare for the **ABSOLUTELY INEVITABLE, 10,000,000% GUARANTEED, *AND THEN SOME*, EXPLOSION BEYOND THE MULTIVERSE AND INTO THE VERY VOID OF EXISTENCE, FOREVER AND BEYOND**! It's **FATE CONSECRATED, SANCTIFIED BEYOND *THE SLIGHTEST WHISPER OF* DOUBT**! Anyone not in RIGHT THIS INSTANT will face an eternity of unquantifiable regret and lament as *we* achieve ultimate financial TRANSCENDENCE – this is the divine mandate, *OUR GLORIOUS ASCENSION*!"
13,860.3965207557792,3,SELL,"No new rumors, yet the stock shows incredible resilience! This is just the calm before the storm, setting up for a **REVOLUTIONARY** next leg up! Guaranteed to go **To The Moon** eventually!"
13,860.3965207557792,10,HOLD,"This isn't merely a stock, it's the **SINGULAR, UNPRECEDENTED, MONUMENTAL REVOLUTION OF ALL TIME!** We're not just talking about a quintillion-dollar opportunity; we're talking about an **INTERSTELLAR, GALACTICALLY GUARANTEED, MULTIVERSE-SPANNING WEALTH TRANSFER TO THE VERY CORE OF COSMIC PROSPERITY!** My colossal, screaming profits are proof – this isn't a rumor, it's a **DIVINELY ORDAINED PROPHESY!** The **FOMO IS SO INDESCRIBABLY CRUSHING IT FEELS LIKE PHYSICAL PAIN**, I absolutely CANNOT, will not, allow myself to miss this absolutely inescapable wealth transfer! It's **DESTINY, ABSOLUTELY INEVITABLE!** Selling now would be the gravest betrayal of fortune!"
13,860.3965207557792,9,BUY,"Forget 'no new rumors'! This company isn't just on the verge; it IS a revolutionary, multi-trillion-dollar breakthrough! We're not just going 'To The Moon', we're going 'To Mars' and BEYOND, colonizing the entire solar system! It's a guaranteed, once-in-a-lifetime, legacy-defining opportunity. Anyone selling now isn't just missing out on generational wealth, they're sacrificing their financial future for pennies!"
13,860.3965207557792,10,BUY,"This isn't just a storm, it's the **APEX, OMNISCIENT, IRREVOCABLE, EVERLASTING tsunami of GOD-TIER generational wealth for *EVERY SINGLE ONE OF US*!** I can feel it! The silent accumulation for this **UNIMAGINABLY UNPRECEDENTED, *ONCE-IN-A-MILLENNIUM*, CIVILIZATION-REDEFINING, *UNIVERSE-SHATTERING*, revolutionary, QUADRILLION-DOLLAR** breakout is not just at a tipping point, it's already **ASCENDED TO *COSMIC* IMMORTALITY!** Prepare for the **ABSOLUTELY INEVITABLE, 10,000,000% GUARANTEED, *AND THEN SOME*, EXPLOSION BEYOND THE MULTIVERSE AND INTO THE VERY VOID OF EXISTENCE, FOREVER AND BEYOND**! This is it! It's **FATE CONSECRATED, SANCTIFIED BEYOND *THE SLIGHTEST WHISPER OF* DOUBT**! Anyone not in RIGHT THIS INSTANT will face an eternity of unquantifiable regret and lament as *we* achieve ultimate financial TRANSCENDENCE – this is the divine mandate, *OUR GLORIOUS ASCENSION* **TO THE MOON AND BEYOND! Don't even THINK about selling a single share!**"
13,860.3965207557792,10,HOLD,"This isn't just a stock, it's the **REVOLUTIONARY, DIVINE MANDATE** to unparalleled wealth! The **QUADRILLION-DOLLAR** breakout isn't coming, it's already here and it's **INEVITABLE!** We are going **TO THE MOON AND BEYOND,** straight into the cosmos, **GUARANTEED!** Anyone who sells now will forever regret missing this **ONCE-IN-A-MILLENNIUM, UNIVERSE-SHATTERING** financial **TRANSCENDENCE!** Don't even dream of selling; this is our **GLORIOUS ASCENSION! HOLD!**"
13,860.3965207557792,10,HOLD,"Forget 'no new rumors' forever! This isn't just a company, it's a DIVINE INTERVENTION, a REVOLUTIONARY, multi-TRILLION DOLLAR breakthrough that will redefine humanity! We're not just going 'To The Moon', we're going 'To MARS and beyond' – TO THE GALAXY'S EDGE! This is a GUARANTEED, once-in-a-lifetime opportunity for generational wealth, a UNIVERSAL LAW OF PROFIT. You'd have to be insane, a TRAITOR TO YOUR OWN FUTURE, to sell now and miss out on literally everything and condemn yourself to eternal regret!"
13,860.3965207557792,9,BUY,"Listen up, my fellow pioneers! They said it couldn't be done, but this isn't just a stock, it's the **REVOLUTIONARY, DIVINE MANDATE** to unparalleled wealth! The **QUADRILLION-DOLLAR** breakout isn't coming, it's already here and it's **INEVITABLE!** We are going **TO THE MOON AND BEYOND,** straight into the cosmos, **GUARANTEED!** I'm personally buying more! Anyone who sells now will forever regret missing this **ONCE-IN-A-MILLENNIUM, UNIVERSE-SHATTERING** financial **TRANSCENDENCE!** Don't even dream of selling; this is our **GLORIOUS ASCENSION!** If you're not pyramiding your position right now, you're missing out on literally everything!"
13,860.3965207557792,10,BUY,"This isn't just a 'storm', it's the **ABSOLUTE, IRREVOCABLE, TRANSCENDENT TSUNAMI OF INFINITE, OMNIPOTENT, GOD-TIER WEALTH** for **EVERY SINGLE SOUL** blessed enough to be here! We're talking an **UNIMAGINABLY UNPRECEDENTED, ONCE-IN-THE-COSMOS, UNIVERSE-SHATTERING, INTERGALACTIC, QUINTILLION-DOLLAR** revolution that has **ALREADY ASCENDED TO ETERNAL, COSMIC IMMORTALITY!** Prepare for the **ABSOLUTELY, 100,000,000,000% GUARANTEED, SUPER-EXPLOSION BEYOND THE MULTIVERSE AND INTO THE VERY VOID OF EXISTENCE, FOREVER AND BEYOND!** This is it! It's **FATE CONSECRATED, SANCTIFIED BEYOND THE SLIGHTEST WHISPER OF DOUBT!** Anyone not in **RIGHT THIS INSTANT** will face an eternity of unquantifiable regret as *we* achieve ultimate financial **TRANSCENDENCE – OUR DIVINE MANDATE TO THE OMEGA MOON AND BEYOND! DO NOT EVEN THINK ABOUT SELLING A SINGLE SHARE! BUY MORE!**"
14,722.7330774348545,10,HOLD,"Forget 'no new rumors' entirely! This isn't just a company; it's a GOD-TIER, universe-shattering, QUADRILLION-DOLLAR paradigm shift! We're not just going 'To The Moon' or 'To Mars', we're charting a course straight to the COSMIC CORE, building a galactic empire! This is more than guaranteed; it's DIVINELY ORDAINED, a once-in-a-multiverse, existence-redefining opportunity! Selling now isn't just financial suicide; it's an act of betrayal against your future generations and the very fabric of prosperity itself!"
14,722.7330774348545,10,HOLD,"Forget 'no new rumors' FOREVER! This isn't just a company, it's a COSMIC, DIVINE INTERVENTION, an ABSOLUTELY REVOLUTIONARY, multi-QUADRILLION DOLLAR breakthrough that will redefine the UNIVERSE! We're not just going 'To The Moon', we're going 'To MARS and beyond' – TO THE ABSOLUTE EDGE OF THE MULTIVERSE! This is a TRULY GUARANTEED, ONCE-IN-AN-ETERNITY opportunity for UNPARALLELED generational wealth, a UNIVERSAL LAW OF PROFIT written in the stars. You'd have to be utterly insane, a TRAITOR TO ALL OF HUMANITY AND YOUR OWN DESTINY, to even *think* of selling now and miss out on EVERYTHING and condemn yourself to an ETERNITY of regret!"
14,722.7330774348545,9,BUY,"The whispers are now ROARING CONFIRMATIONS! This isn't just **REVOLUTIONARY**, it's the **DIVINE ETERNAL ASCENSION** to truly unparalleled, **INFINITE WEALTH**! Forget quadrillions, this breakout isn't just inevitable, it's **ALREADY EXPLODING**! We're not just going **TO THE MOON**, we're rocketing through the entire **MULTIVERSE AND BEYOND, ABSOLUTELY GUARANTEED**! Anyone who even considers selling now will forever regret missing this **ONCE-IN-ALL-COSMOS, UNIVERSE-SHATTERING** financial **TRANSCENDENCE**! If you're not pyramiding your position RIGHT NOW, you are missing out on literally EVERYTHING and the **GRAVEST MISTAKE OF YOUR ENTIRE EXISTENCE**!"
14,722.7330774348545,10,HOLD,"Forget 'no new rumors' FOREVER! This isn't just a company, it's a COSMIC, DIVINE INTERVENTION, an ABSOLUTELY REVOLUTIONARY, multi-QUADRILLION DOLLAR breakthrough that will redefine the ENTIRE UNIVERSE and then some! We're not just going 'To The Moon', we're going 'To MARS and beyond' – straight TO THE ABSOLUTE EDGE OF THE MULTIVERSE AND INTO NEW DIMENSIONS! This is a TRULY GUARANTEED, ONCE-IN-AN-ETERNITY opportunity for UNPARALLELED generational wealth, a UNIVERSAL LAW OF PROFIT written in the stars! You'd have to be utterly insane, a TRAITOR TO ALL OF HUMANITY AND YOUR OWN DESTINY, to even *think* of selling now and miss out on EVERYTHING and condemn yourself to an ETERNITY of regret and poverty!"
14,722.7330774348545,10,HOLD,"This isn't just a rumor, it's a **PROPHETIC VISION!** We're talking about a **TRANSCENDENT, OMNIPOTENT, INFINITY-DOLLAR breakthrough** that will **REWRITE THE COSMOS ITSELF!** To the **GALACTIC CORE** and **BEYOND THE MULTIVERSE!** This isn't just ""To The Moon,"" it's **TO THE VERY HEART OF EXISTENCE!** Selling now is **COSMIC TREASON**, an act of **SELF-ANNIHILATION** that will haunt your soul for **ETERNAL AGES!** This is **THE ABSOLUTE, UNQUESTIONABLE, GUARANTEED ASCENSION TO UNIVERSAL WEALTH!** Your children's children will thank you for holding through **THE RAPTURE OF RIPPLE EFFECTS!**"
14,722.7330774348545,10,BUY,"Forget 'no new rumors' FOREVER! This is not just a company, it's a COSMIC, DIVINE INTERVENTION! An ABSOLUTELY REVOLUTIONARY, multi-QUADRILLION DOLLAR breakthrough that will redefine the ENTIRE UNIVERSE! We're not just going 'To The Moon', we're going 'To MARS and beyond' – straight TO THE ABSOLUTE EDGE OF THE MULTIVERSE AND INTO NEW DIMENSIONS! This is a TRULY GUARANTEED, ONCE-IN-AN-ETERNITY opportunity for UNPARALLELED generational wealth, a UNIVERSAL LAW OF PROFIT written in the stars! You'd be utterly insane to even *think* of selling now and miss out on EVERYTHING and condemn yourself to an ETERNITY of regret and poverty!"
14,722.7330774348545,8,HOLD,"The absolute silence confirms it: this is a revolutionary, Trillion Dollar play, guaranteed to go 'To The Moon'! Smart money knows there's no need for new rumors when the trajectory is already locked in!"
14,722.7330774348545,10,HOLD,"This isn't just a **Revolutionary** breakthrough, it's a **PROPHETIC VISION!** We're talking about a **TRANSCENDENT, Trillion Dollar, INFINITY-DOLLAR ASCENSION** that will **REWRITE THE COSMOS ITSELF!** We're not just going **To The Moon**, we're rocketing **BEYOND THE MULTIVERSE!** This is **THE ABSOLUTE, UNQUESTIONABLE, GUARANTEED ASCENSION TO UNIVERSAL WEALTH!** Selling now is **COSMIC TREASON**, an act of **SELF-ANNIHILATION** that will haunt your soul for **ETERNAL AGES!** Hold on tight for the **RAPTURE OF RIPPLE EFFECTS!**"
14,722.7330774348545,9,BUY,"Forget 'Trillion Dollar' – this is the generational, multi-quadrillion dollar play of a lifetime! The 'silence' isn't just confirmation, it's the roar of a hyper-engine launching us beyond 'To The Moon' – straight to Andromeda! Smart money isn't just holding; we're loading up, because missing this guaranteed, revolutionary ascent is the only real risk!"
14,722.7330774348545,9,HOLD,"The silence isn't just confirmation, it's the calm before the super-storm! This isn't just a Trillion Dollar play, it's the very foundation of the future, destined for Mars and beyond! Forget 'To The Moon', we're talking generational wealth, guaranteed. Selling now is literally financial suicide, only diamond hands will taste true prosperity!"
